id,cnpj,main_activity,market,name,setorial_classification,site,status,sector_fk
2,00.000.000/0000-00,Não Informado,BDRs DRN Não Patrocinado,ABBOTT,Saúde / Medicamentos e Outros Produtos / Medicamentos e Outros Produtos,www.abbott.com,ATIVO,2
3,00.000.000/0000-00,Não Informado,BDRs DRN Não Patrocinado,ABBVIE,Consumo não Cíclico / Saúde / Medicamentos e Outros Produtos,http://www.abbvie.com,ATIVO,2
4,28.195.667/0001-06,O Banco Tem Por Objeto A Prática de Operações Ativas. Passivas E Acessórias Inerentes às Respectivas,BR,ABC BRASIL,Financeiro / Intermediários Financeiros / Bancos,www.abcbrasil.com.br,ATIVO,3
5,00.000.000/0000-00,Não Informado,BDRs DRN Não Patrocinado,ACCENTURE,Tecnologia da Informação / Programas e Serviços / Programas e Serviços,www.accenture.com,ATIVO,4
6,82.643.537/0001-34,Fundição de Ferro E Aço,BR,ACO ALTONA,Bens Industriais / Máquinas e Equipamentos / Máq. e Equip. Industriais,www.altona.com.br,ATIVO,6
7,00.000.000/0000-00,Não Informado,BDRs DRN Não Patrocinado,ACTIVISION,Não Classificados / Não Classificado / Não Classificados,Não Informado,ATIVO,5
8,00.000.000/0000-00,Não Informado,BDRs DRN Não Patrocinado,ADOBE INC,Não Classificados / Não Classificado / Não Classificados,Não Informado,ATIVO,8
9,10.345.009/0001-98,Prestação de Serv. de Medicina Preventiva; Comércio. Distribuição. Importação E Exportação de Kits d,BR,ADVANCED-DH,Saúde / Serv.Méd.Hospit..Análises e Diagnósticos / Serv.Méd.Hospit..Análises e Diagnósticos,www.advanced-dh.com,ATIVO,7
10,04.128.563/0001-10,Geração E Comercialização de Energia Elétrica,BR,AES TIETE E,Utilidade Pública / Energia Elétrica / Energia Elétrica,ri.aestiete.com.br,ATIVO,5
11,10.338.320/0001-00,Transmissão de Energia Elétrica,BR,AFLUENTE T,Utilidade Pública / Energia Elétrica / Energia Elétrica,http://www.afluentet.com.br/,ATIVO,5
12,04.031.960/0001-70,Grupo 1 - Dados Da Empresa - 06 - Características Da Empresa gestão de Participações Societárias (ho,BR,AGPART,Financeiro / Holdings Diversificadas / Holdings Diversificadas,www.agsa.com.br,ATIVO,3
13,00.000.000/0000-00,Não Informado,BDRs DRN Não Patrocinado,AIG GROUP,Financeiro / Previdência e Seguros / Seguradoras,www.aig.com,ATIVO,3
14,02.217.319/0001-07,Holding - Participação em Outras Sociedades,BR,ALEF S/A,Outros / Outros / Outros,http://www.alefnet.com.br/home/index.aspx,ATIVO,8
15,17.193.806/0001-46,A Sociedade Tem Por Objeto Social: a) todos E Quaisquer Serviços de Engenharia Permitidos Pelas Leis,BR,ALFA CONSORC,Financeiro / Previdência e Seguros / Seguradoras,www.alfanet.com.br,ATIVO,3
16,17.167.412/0001-13,A Sociedade Tem Por Objeto A Prática de Todas As Operações de Crédito. Financiamento E Investimentos,BR,ALFA FINANC,Financeiro / Intermediários Financeiros / Soc. Crédito e Financiamento,www.alfanet.com.br,ATIVO,3
17,17.167.396/0001-69,Emp. Adm. Part. - Intermediação Financeira,BR,ALFA HOLDING,Financeiro / Intermediários Financeiros / Bancos,www.alfanet.com.br,ATIVO,3
18,60.770.336/0001-65,Operações Permitidas à Sociedade Da Espécie em Lei. Atividades de Administração de Carteira de Valor,BR,ALFA INVEST,Financeiro / Intermediários Financeiros / Bancos,www.alfanet.com.br,ATIVO,3
19,06.082.980/0001-03,Não Informado,BR,ALIANSCE,Financeiro / Exploração de Imóveis / Exploração de Imóveis,www.aliansce.com.br,ATIVO,9
20,61.156.931/0001-78,Fabricação de Peças E Acessórios Para O Sistema de Direção E Suspensão de Veículos Automotores,BR,ALIPERTI,Consumo não Cíclico / Agropecuária / Agricultura,www.aliperti.com.br,ATIVO,10
21,24.962.466/0001-36,(i) Construção E Exploração de Sistemas de Transporte Ferroviário de Carga. Rodovias E Hidrovias; (i,BR,ALL NORTE,Bens Industriais / Transporte / Transporte Ferroviário,ri.rumolog.com,ATIVO,11
22,42.771.949/0001-35,Prestação de Serviços de Medicina Diagnóstica.,BR,ALLIAR,Saúde / Serv.Méd.Hospit..Análises e Diagnósticos / Serv.Méd.Hospit..Análises e Diagnósticos,www.alliar.com/ri,ATIVO,2
23,61.079.117/0001-05,Indústria E Comércio de Calçados E Artigos Esportivos,BR,ALPARGATAS,Consumo Cíclico / Tecidos. Vestuário e Calçados / Calçados,www.alpargatas.com.br,ATIVO,7
24,11.721.921/0001-60,A Companhia Tem Por Objeto Social A Corretagem E Administração de Seguros de Todos Os Ramos. Partici,BR,ALPER S.A.,Financeiro / Previdência e Seguros / Corretoras de Seguros,http://brin3.com.br/,ATIVO,3
25,00.000.000/0000-00,Não Informado,BDRs DRN Não Patrocinado,ALPHABET,Tecnologia da Informação / Programas e Serviços / Programas e Serviços,http://investor.google.com,ATIVO,12
26,00.000.000/0000-00,Não Informado,BDRs DRN Não Patrocinado,ALTRIA GROUP,Não Classificados / Não Classificado / Não Classificados,www.altria.com,ATIVO,6
27,08.364.948/0001-38,A Participação em Outras Sociedades Atuantes Nos Setores de Energia E Infra-estrutura. No Brasil Ou ,BR,ALUPAR,Utilidade Pública / Energia Elétrica / Energia Elétrica,www.alupar.com.br,ATIVO,5
28,00.000.000/0000-00,Não Informado,BDRs DRN Não Patrocinado,AMAZON,Consumo Cíclico / Comércio / Produtos Diversos,www.amazon.com,ATIVO,7
29,04.902.979/0001-44,Não Informado,BR,AMAZONIA,Financeiro / Intermediários Financeiros / Bancos,www.bancoamazonia.com.br,ATIVO,3
30,07.526.557/0001-00,Fabricação E Distribuição de Cervejas. Refrigerantes E Bebidas Não Carbonatadas E Não Alcoólicas.,BR,AMBEV S/A,Consumo não Cíclico / Bebidas / Cervejas e Refrigerantes,http://ri.ambev.com.br,ATIVO,7
31,00.000.000/0000-00,Não Informado,BDRs DRN Não Patrocinado,AMERICAN AIR,Construção e Transporte / Transporte / Transporte Aéreo,http://www.aa.com,ATIVO,9
32,00.000.000/0000-00,Não Informado,BDRs DRN Não Patrocinado,AMERICAN EXP,Financeiro / Serviços Financeiros Diversos / Serviços Financeiros Diversos,www.americanexpress.com,ATIVO,3
33,00.000.000/0000-00,Não Informado,BDRs DRN Não Patrocinado,AMGEN,Saúde / Medicamentos e Outros Produtos / Medicamentos e Outros Produtos,www.amgen.com,ATIVO,2
34,33.050.071/0001-58,Distribuição de Energia Elétrica,BR,AMPLA ENERG,Utilidade Pública / Energia Elétrica / Energia Elétrica,http://www.eneldistribuicao.com.br/rj,ATIVO,5
35,09.288.252/0001-32,Administração. Direta Ou Indireta. de Atividade de Instituições de 3º E 4º Graus. Educação Profissio,BR,ANIMA,Consumo Cíclico / Diversos / Serviços Educacionais,www.animaeducacao.com.br/ri,ATIVO,13
36,00.000.000/0000-00,Não Informado,BDRs DRN Não Patrocinado,APPLE,Tecnologia da Informação / Computadores e Equipamentos / Computadores e Equipamentos,www.apple.com.br,ATIVO,4
37,00.000.000/0000-00,Não Informado,BDRs DRN Não Patrocinado,APTIV PLC,Não Classificados / Não Classificado / Não Classificados,Não Informado,ATIVO,6
38,00.000.000/0000-00,Não Informado,BDRs DRN Não Patrocinado,ARCELOR,Materiais Básicos / Siderurgia e Metalurgia / Siderurgia,www.arcelormittal.com,ATIVO,10
39,00.000.000/0000-00,Não Informado,BDRs DRN Não Patrocinado,ARCONIC,Materiais Básicos / Mineração / Minerais Metálicos,http://www.alcoa.com,ATIVO,14
40,16.590.234/0001-76,O Principal Ramo de Atividade Da Companhia É A Industrialização E A Comercialização de Artigos de Co,BR,AREZZO CO,Consumo Cíclico / Comércio / Tecidos. Vestuário e Calçados,www.arezzoco.com.br,ATIVO,7
41,00.000.000/0000-00,Não Informado,BDRs DRN Não Patrocinado,ARMSTRONG,Não Classificados / Não Classificado / Não Classificados,Não Informado,ATIVO,6
42,00.359.742/0001-08,Holding de Instituições Não Financeiras.,BR,ATOMPAR,Outros / Outros / Outros,www.atompar.com.br,ATIVO,8
43,00.000.000/0000-00,Não Informado,BDRs DRN Não Patrocinado,ATT INC,Telecomunicações / Telecomunicações / Telecomunicações,www.att.com,ATIVO,15
44,00.000.000/0000-00,Não Informado,BDRs DRN Não Patrocinado,AUTOMATIC DT,Não Classificados / Não Classificado / Não Classificados,Não Informado,ATIVO,6
45,00.000.000/0000-00,Não Informado,BDRs DRN Não Patrocinado,AUTOZONE INC,Não Classificados / Não Classificado / Não Classificados,Não Informado,ATIVO,6
46,00.000.000/0000-00,Não Informado,BDRs DRN Não Patrocinado,AVON,Consumo não Cíclico / Produtos de Uso Pessoal e de Limpeza / Produtos de Uso Pessoal,www.avon.com,ATIVO,7
47,61.351.532/0001-68,Execução de Obras de Construção Pesada Junto A Orgãos Públicos,BR,AZEVEDO,Bens Industriais / Construção e Engenharia / Construção Pesada,www.azevedotravassos.com.br,ATIVO,1
48,09.305.994/0001-29,Transporte E Logística,BR,AZUL,Bens Industriais / Transporte / Transporte Aéreo,www.voeazul.com.br,ATIVO,11
49,00.776.574/0001-56,Comércio Varejista E Atacadista em Geral de Quaisquer Bens E Serviços Através de Diversos Meios. em ,BR,B2W DIGITAL,Consumo Cíclico / Comércio / Produtos Diversos,http://www.b2wdigital.com,ATIVO,7
50,09.346.601/0001-25,Principais Atividades: Administrar Mercados Organizados de Títulos E Valores Mobiliários; Prestar Se,BR,B3,Financeiro / Serviços Financeiros Diversos / Serviços Financeiros Diversos,www.b3.com.br,ATIVO,3
51,45.987.245/0001-92,Participação em Outras Sociedades,BR,BAHEMA,Consumo Cíclico / Diversos / Serviços Educacionais,www.bahema.com.br,ATIVO,7
52,00.416.968/0001-01,Banco Múltiplo Com Carteira de Crédito. Financiamento. Investimento E Câmbio.,BR,BANCO INTER,Financeiro / Intermediários Financeiros / Bancos,http://ri.bancointer.com.br/,ATIVO,3
53,59.285.411/0001-13,Banco Múltiplo Com Carteira Comercial,BR,BANCO PAN,Financeiro / Intermediários Financeiros / Bancos,www.bancopan.com.br,ATIVO,3
54,13.009.717/0001-46,Não Informado,BR,BANESE,Financeiro / Intermediários Financeiros / Bancos,www.banese.com.br,ATIVO,3
55,28.127.603/0001-78,Intermediação Financeira Inerente Aos Bancos Múltiplos Por Meio Das Carteiras Autorizadas. Inclusive,BR,BANESTES,Financeiro / Intermediários Financeiros / Bancos,www.banestes.com.br,ATIVO,3
56,00.000.000/0000-00,Não Informado,BDRs DRN Não Patrocinado,BANK AMERICA,Financeiro / Intermediários Financeiros / Bancos,www.bankofamerica.com,ATIVO,3
57,04.913.711/0001-08,Bancária,BR,BANPARA,Financeiro / Intermediários Financeiros / Bancos,www.banpara.b.br,ATIVO,3
58,92.702.067/0001-96,Banco Múltiplo Atuante Nas Carteiras Comercial. Crédito. Financiamento E Investimento. Crédito Imobi,BR,BANRISUL,Financeiro / Intermediários Financeiros / Bancos,www.banrisul.com.br/ri,ATIVO,3
59,60.851.615/0001-53,Bens de Capital. Produtos E Serviços Para Os Segmentos de Metalurgia. Movimentação de Materiais. óle,BR,BARDELLA,Bens Industriais / Máquinas e Equipamentos / Máq. e Equip. Industriais,www.bardella.com.br,ATIVO,1
60,42.331.462/0001-31,Com.de Caminhões E ónibus Scania. Seus Acessórios E Prest.serv.assist.técnica; Industrializ.e Com. d,BR,BATTISTELLA,Financeiro / Holdings Diversificadas / Holdings Diversificadas,www.battistella.com.br,ATIVO,8
61,61.374.161/0001-30,Fabricação Aparelhos E Instrumentos P/ Uso Medico Hospitalar E Ortopedia,BR,BAUMER,Saúde / Equipamentos / Equipamentos,www.baumer.com.br,ATIVO,1
62,01.107.327/0001-20,Prestação de Serviços Logísticos Através de Operações Dedicadas E Transporte de Carga Geral Fraciona,BR,BBMLOGISTICA,Bens Industriais / Serviços / Serviços Diversos,Não Informado,ATIVO,11
63,17.344.597/0001-94,Participação No Capital Social de Outras Sociedades. Que Tenham Por Atividade Operações de Seguros. ,BR,BBSEGURIDADE,Financeiro / Previdência e Seguros / Seguradoras,www.bbseguridaderi.com.br,ATIVO,16
64,00.000.000/0000-00,Não Informado,BDRs DRN Não Patrocinado,BERKSHIRE,Financeiro / Holdings Diversificadas / Holdings Diversificadas,www.bradescocustodia.com.br,ATIVO,8
65,00.000.000/0000-00,Não Informado,BDRs DRN Não Patrocinado,BEST BUY,Consumo Cíclico / Comércio / Produtos Diversos,http://www.bestbuy.com,ATIVO,7
66,02.762.124/0001-30,Participação em Outras Sociedades.,BR,BETAPART,Outros / Outros / Outros,http://www.betapart.com.br/home/index.aspx,ATIVO,8
67,56.992.423/0001-90,Fabricação E Comercialização de Bicicletas,BR,BIC MONARK,Consumo Cíclico / Viagens e Lazer / Bicicletas,www.monark.com.br,ATIVO,1
68,00.000.000/0000-00,Não Informado,BDRs DRN Não Patrocinado,BIOGEN,Consumo não Cíclico / Saúde / Medicamentos e Outros Produtos,http://www.biogen.com,ATIVO,2
69,04.752.991/0001-10,Licenciamento de Tecnologia Para Produção de Proteínas Terapêuticas Recombinantes. Especialmente Ins,BR,BIOMM,Saúde / Medicamentos e Outros Produtos / Medicamentos e Outros Produtos,www.biomm.com,ATIVO,2
70,15.527.906/0001-36,Produção. Processamento. Industrialização. Distribuição E Comercialização de Canade-açúcar E seus D,BR,BIOSEV,Consumo não Cíclico / Alimentos Processados / Açucar e Alcool,www.biosev.com,ATIVO,5
71,19.688.956/0001-56,Não Informado,BR,BIOTOSCANA,Saúde / Medicamentos e Outros Produtos / Medicamentos e Outros Produtos,http://www.grupobiotoscana.com,ATIVO,2
72,13.574.594/0001-96,Prestação de Serviços de Operação E Assessoria A Restaurantes,BR,BK BRASIL,Consumo Cíclico / Hoteis e Restaurantes / Restaurante e Similares,www.burgerking.com.br/ri,ATIVO,7
73,00.000.000/0000-00,Não Informado,BDRs DRN Não Patrocinado,BLACKROCK,Financeiro / Serviços Financeiros Diversos / Gestão de Recursos e Investimentos,http://www.blackrock.com,ATIVO,3
74,00.000.000/0000-00,Não Informado,BDRs DRN Não Patrocinado,BNY MELLON,Financeiro / Serviços Financeiros Diversos / Gestão de Recursos e Investimentos,www.bankofny.com,ATIVO,3
75,00.000.000/0000-00,Não Informado,BDRs DRN Não Patrocinado,BOEING,Bens Industriais / Material de Transporte / Material Aeronáutico e de Defesa,www.boeing.com,ATIVO,1
76,50.564.053/0001-03,Não Informado,BR,BOMBRIL,Consumo não Cíclico / Produtos de Uso Pessoal e de Limpeza / Produtos de Limpeza,www.bombril.com.br,ATIVO,1
77,00.000.000/0000-00,Não Informado,BDRs DRN Não Patrocinado,BOOKING,Não Classificados / Não Classificado / Não Classificados,Não Informado,ATIVO,6
78,00.000.000/0000-00,Não Informado,BDRs DRN Não Patrocinado,BOSTON PROP,Financeiro / Exploração de Imóveis / Exploração de Imóveis,www.bostonproperties.com,ATIVO,9
79,08.613.550/0001-98,Não Informado,BR,BR BROKERS,Financeiro / Exploração de Imóveis / Intermediação Imobiliária,www.brbrokers.com.br,ATIVO,9
80,11.102.250/0001-59,A Companhia Tem Por Objeto Deter Participação em Outras Sociedades Civis Ou Comerciais. Como Sócia. ,BR,BR HOME,Consumo Cíclico / Comércio / Produtos Diversos,www.brhc.com.br,ATIVO,7
81,06.977.745/0001-91,Holding,BR,BR MALLS PAR,Financeiro / Exploração de Imóveis / Exploração de Imóveis,www.brmalls.com.br,ATIVO,9
82,11.395.624/0001-71,Empresa Do Setor de Varejo Farmacêutico.,BR,BR PHARMA,Saúde / Comércio e Distribuição / Medicamentos e Outros Produtos,www.brph.com.br/ri,ATIVO,2
83,06.977.751/0001-49,Compra. Venda E Incorp. de Imóveis Comerciais Prontos Ou A Construir; Admin de Imóveis Próprios Ou d,BR,BR PROPERT,Financeiro / Exploração de Imóveis / Exploração de Imóveis,www.brpr.com.br,ATIVO,9
84,60.746.948/0001-12,Prática de Operações Bancárias em Geral. Inclusive Câmbio,BR,BRADESCO,Financeiro / Intermediários Financeiros / Bancos,www.bradesco.com.br,ATIVO,3
85,03.847.461/0001-92,Participação Como Sócia Ou Acionista de Outras Sociedades.,BR,BRADESPAR,Materiais Básicos / Mineração / Minerais Metálicos,www.bradespar.com,ATIVO,14
86,00.000.000/0001-91,Banco Múltiplo,BR,BRASIL,Financeiro / Intermediários Financeiros / Bancos,www.bb.com.br,ATIVO,3
87,07.628.528/0001-59,Empresa de Desenvolvimento Agropecuario,BR,BRASILAGRO,Consumo não Cíclico / Agropecuária / Agricultura,www.brasil-agro.com,ATIVO,7
88,42.150.391/0001-70,Produção de Produtos Químicos. Utilidades. Energia Elétrica E Outros;prestação de Serviços Industria,BR,BRASKEM,Materiais Básicos / Químicos / Petroquímicos,www.braskem.com.br,ATIVO,17
89,00.000.208/0001-00,O Brb É Uma Instituição Financeira de Economia Mista. Controlada Pelo Governo Do Distrito Federal. O,BR,BRB BANCO,Financeiro / Intermediários Financeiros / Bancos,www.brb.com.br,ATIVO,3
90,01.838.723/0001-27,Holding Operacional,BR,BRF SA,Consumo não Cíclico / Alimentos Processados / Carnes e Derivados,www.brf-br.com,ATIVO,7
91,00.000.000/0000-00,Não Informado,BDRs DRN Não Patrocinado,BRISTOLMYERS,Saúde / Medicamentos e Outros Produtos / Medicamentos e Outros Produtos,www.bms.com,ATIVO,2
92,00.000.000/0000-00,Não Informado,BDRs DRN Não Patrocinado,BROADCOM INC,Não Classificados / Não Classificado / Não Classificados,Não Informado,ATIVO,6
93,36.542.025/0001-64,Prestação de Serviços de Tecnologia Da Informação (ti) - Informática,BR,BRQ,Tecnologia da Informação / Programas e Serviços / Programas e Serviços,www.brq.com,ATIVO,12
94,30.306.294/0001-45,A Companhia E Suas Controladas Formam Um Grupo de Prestação de Serviços Financeiros Sediado No Brasi,BR,BTGP BANCO,Financeiro / Intermediários Financeiros / Bancos,www.btgpactual.com,ATIVO,3
95,04.030.182/0001-02,A Companhia Tem Por Objeto Social A Participação em Outras Sociedades. Comerciais E Civis. Como Sóci,BR,CABINDA PART,Outros / Outros / Outros,www.cabinda.net.br,ATIVO,8
96,04.031.213/0001-31,A Companhia Tem Por Objeto Social A Participação em Outras Sociedades Comerciais E Civis. Como Sócia,BR,CACONDE PART,Outros / Outros / Outros,www.cacondeparticipacoes.net.br,ATIVO,8
97,61.088.894/0001-08,Não Informado,BR,CAMBUCI,Consumo Cíclico / Tecidos. Vestuário e Calçados / Calçados,www.cambuci.com.br/investidores,ATIVO,7
98,64.904.295/0001-03,Industrialização E Comercialização de Arroz. Feijão. Pescados E Açúcar.,BR,CAMIL,Consumo não Cíclico / Alimentos Processados / Alimentos Diversos,www.camilalimentos.com.br,ATIVO,7
99,00.000.000/0000-00,Não Informado,BDRs DRN Não Patrocinado,CANAD NATION,Não Classificados / Não Classificado / Não Classificados,Não Informado,ATIVO,6
100,00.000.000/0000-00,Não Informado,BDRs DRN Não Patrocinado,CANAD PACIFI,Não Classificados / Não Classificado / Não Classificados,Não Informado,ATIVO,6
101,00.000.000/0000-00,Não Informado,BDRs DRN Não Patrocinado,CAPITAL ONE,Não Classificados / Não Classificado / Não Classificados,Não Informado,ATIVO,6
102,02.591.787/0001-39,Participação em Outras Sociedades.,BR,CAPITALPART,Outros / Outros / Outros,http://capitalpartparticipacoes.mzweb.com.br,ATIVO,6
103,00.000.000/0000-00,Não Informado,BDRs DRN Não Patrocinado,CAPRI HOLDI,Não Classificados / Não Classificado / Não Classificados,Não Informado,ATIVO,6
104,75.315.333/0001-09,Comércio Varejista E Atacadista de Mercadorias em Geral; Carga E Descarga; Correspondentes de Instit,BR,CARREFOUR BR,Consumo não Cíclico / Comércio e Distribuição / Alimentos,www.grupocarrefourbrasil.com.br,ATIVO,7
105,00.000.000/0000-00,Não Informado,BDRs DRN Não Patrocinado,CARTERS INC,Não Classificados / Não Classificado / Não Classificados,www.carters.com,ATIVO,6
106,82.508.433/0001-17,Atuar Como Instituição Integrante Do Sistema de Saneamento Básico E de Saúde Do Estado de Santa Cata,BR,CASAN,Utilidade Pública / água e Saneamento / água e Saneamento,www.casan.com.br,ATIVO,5
107,00.000.000/0000-00,Não Informado,BDRs DRN Não Patrocinado,CATERPILLAR,Bens Industriais / Máquinas e Equipamentos / Máq. e Equip. Construção e Agrícolas,www.caterpillar.com,ATIVO,1
108,02.846.056/0001-97,Prestadora de Serviços Públicos Por Meio de Concessões Rodoviária. Metroviária E Aeroportuária. Além,BR,CCR SA,Bens Industriais / Transporte / Exploração de Rodovias,www.ccr.com.br,ATIVO,11
109,07.950.674/0001-04,Desenvolvimento de Projetos de Carvão Na Colómbia. Incluindo. Mas Não Se Limitando A. Pesquisa. Expl,BR,CCX CARVAO,Outros / Outros / Outros,www.ccx.com.co,ATIVO,14
110,00.070.698/0001-11,Holding/geração E Distribuição de Energia Elétrica,BR,CEB,Utilidade Pública / Energia Elétrica / Energia Elétrica,www.ceb.com.br,ATIVO,5
111,17.245.234/0001-00,Indústria Têxtil,BR,CEDRO,Consumo Cíclico / Tecidos. Vestuário e Calçados / Fios e Tecidos,www.cedro.com.br,ATIVO,7
112,08.467.115/0001-00,Prestação de Serviços de Natureza Pública Ou Privada. No Setor de Distribuição de Energia elétrica.,BR,CEEE-D,Utilidade Pública / Energia Elétrica / Energia Elétrica,www.ceee.com.br,ATIVO,5
113,92.715.812/0001-31,Geração E Transmissão de Energia Elétrica,BR,CEEE-GT,Utilidade Pública / Energia Elétrica / Energia Elétrica,www.ceee.com.br,ATIVO,5
114,33.938.119/0001-69,Distribuição de Gás Natural Na Região Metropolitana Do Estado Do Rio de Janeiro.,BR,CEG,Utilidade Pública / Gás / Gás,www.gasnaturalfenosa.com.br,ATIVO,18
115,83.878.892/0001-55,Holding Do Setor de Energia,BR,CELESC,Utilidade Pública / Energia Elétrica / Energia Elétrica,www.celesc.com.br,ATIVO,5
116,00.000.000/0000-00,Não Informado,BDRs DRN Não Patrocinado,CELGENE CORP,Consumo não Cíclico / Saúde / Medicamentos e Outros Produtos,Não Informado,ATIVO,7
117,08.560.444/0001-93,Participação em Outras Sociedades Como Acionista Ou Sócia-cotista E. Ainda. A Exploração Direta Ou I,BR,CELGPAR,Utilidade Pública / Energia Elétrica / Energia Elétrica,http://ricelgpar.celggt.com/,ATIVO,5
118,04.895.728/0001-80,Distribuição de Energia Elétrica,BR,CELPA,Utilidade Pública / Energia Elétrica / Energia Elétrica,www.celpa.com.br,ATIVO,5
119,10.835.932/0001-08,Estudar. Projetar. Construir E Explorar Os Sistemas de Distribuição E Comercialização Aos Consumidor,BR,CELPE,Utilidade Pública / Energia Elétrica / Energia Elétrica,www.celpe.com.br,ATIVO,5
120,92.791.243/0001-03,Fabricação de Papel Para Embalagem. Embalagens de Papelão Ondulado E Resinas.,BR,CELUL IRANI,Materiais Básicos / Madeira e Papel / Papel e Celulose,www.irani.com.br,ATIVO,19
121,06.272.793/0001-84,Empresa Distribuidora de Energia Elétrica Para Todo O Estado Do Maranhão.,BR,CEMAR,Utilidade Pública / Energia Elétrica / Energia Elétrica,www.cemar-ma.com.br,ATIVO,5
122,93.828.986/0001-73,Holding,BR,CEMEPE,Outros / Outros / Outros,www.cemepe.com.br,ATIVO,8
123,17.155.730/0001-64,Concessionária de Serviço Público de Energia Elétrica.,BR,CEMIG,Utilidade Pública / Energia Elétrica / Energia Elétrica,www.cemig.com.br,ATIVO,5
124,13.217.485/0001-11,A Companhia Tem Por Objeto Social (a) Administração de Bens Próprios; E. (b) A Participação. como Só,BR,CENTAURO,Consumo Cíclico / Comércio / Produtos Diversos,www.centauro.com.br/ri,ATIVO,7
125,60.933.603/0001-78,Geração E Comercialização de Energia Elétrica,BR,CESP,Utilidade Pública / Energia Elétrica / Energia Elétrica,www.cesp.com.br,ATIVO,5
126,00.000.000/0000-00,Não Informado,BDRs DRN Não Patrocinado,CHARTER COMM,Não Classificados / Não Classificado / Não Classificados,Não Informado,ATIVO,6
127,00.000.000/0000-00,Não Informado,BDRs DRN Não Patrocinado,CHESAPEAKE,Petróleo. Gás e Biocombustíveis / Petróleo. Gás e Biocombustíveis / Exploração. Refino e Distribuiçã,http://www.chk.com,ATIVO,18
128,00.000.000/0000-00,Não Informado,BDRs DRN Não Patrocinado,CHEVRON,Petróleo. Gás e Biocombustíveis / Petróleo. Gás e Biocombustíveis / Exploração. Refino e Distribuiçã,www.chevron.com,ATIVO,18
129,00.000.000/0000-00,Não Informado,BDRs DRN Não Patrocinado,CHURCH DWIGH,Não Classificados / Não Classificado / Não Classificados,Não Informado,ATIVO,6
130,78.876.950/0001-71,Confecção de Artigos Do Vestuário E Acessórios,BR,CIA HERING,Consumo Cíclico / Tecidos. Vestuário e Calçados / Vestuário,www.ciahering.com.br,ATIVO,7
131,01.027.058/0001-91,Empresa Prestadora de Serviços de Adquirência E Meios de Pagamento.,BR,CIELO,Financeiro / Serviços Financeiros Diversos / Serviços Financeiros Diversos,www.cielo.com.br,ATIVO,3
132,00.272.185/0001-93,Participação No Capital de Outras Empresas,BR,CIMS,Outros / Outros / Outros,www.cims.com.br,ATIVO,8
133,00.000.000/0000-00,Não Informado,BDRs DRN Não Patrocinado,CINCINNATI,Não Classificados / Não Classificado / Não Classificados,Não Informado,ATIVO,6
134,07.437.016/0001-05,A Companhia Tem Como Principais Atividades A Prestação de Serviços de Cinematografia E A Revenda de ,BR,CINESYSTEM,Consumo Cíclico / Mídia / Produção e Difusão de Filmes e Programas,www.cinesystem.com.br/ri,ATIVO,7
135,00.000.000/0000-00,Não Informado,BDRs DRN Não Patrocinado,CISCO,Tecnologia da Informação / Computadores e Equipamentos / Computadores e Equipamentos,www.cisco.com,ATIVO,4
136,00.000.000/0000-00,Não Informado,BDRs DRN Não Patrocinado,CITIGROUP,Financeiro / Intermediários Financeiros / Bancos,Não Informado,ATIVO,3
137,00.000.000/0000-00,Não Informado,BDRs DRN Não Patrocinado,CLOROX CO,Não Classificados / Não Classificado / Não Classificados,Não Informado,ATIVO,6
138,00.000.000/0000-00,Não Informado,BDRs DRN Não Patrocinado,CME GROUP,Não Classificados / Não Classificado / Não Classificados,Não Informado,ATIVO,6
139,00.000.000/0000-00,Não Informado,BDRs DRN Não Patrocinado,COCA COLA,Consumo não Cíclico / Bebidas / Cervejas e Refrigerantes,www.coca-colacompany.com,ATIVO,7
140,15.139.629/0001-94,Serviço Público de Distribuição de Energia Elétrica,BR,COELBA,Utilidade Pública / Energia Elétrica / Energia Elétrica,www.coelba.com.br,ATIVO,5
141,07.047.251/0001-70,Distribuição de Energia Elétrica.,BR,COELCE,Utilidade Pública / Energia Elétrica / Energia Elétrica,http://www.eneldistribuicao.com.br/ce/,ATIVO,5
142,00.000.000/0000-00,Não Informado,BDRs DRN Não Patrocinado,COGNIZANT,Tecnologia da Informação / Programas e Serviços / Programas e Serviços,http://www.cognizant.com,ATIVO,12
143,00.000.000/0000-00,Não Informado,BDRs DRN Não Patrocinado,COLGATE,Consumo não Cíclico / Produtos de Uso Pessoal e de Limpeza / Produtos de Uso Pessoal,www.colgate.com,ATIVO,7
144,00.000.000/0000-00,Não Informado,BDRs DRN Não Patrocinado,COMCAST,Consumo Cíclico / Mídia / Produção e Difusão de Filmes e Programas,www.comcast.com,ATIVO,6
145,61.856.571/0001-17,Setor de Atividade: Utilidade Pública: Distribuição de Gás Natural Canalizado.,BR,COMGAS,Utilidade Pública / Gás / Gás,www.comgas.com.br,ATIVO,18
146,00.938.574/0001-05,Administração. Operação E Conservação de Rodovia,BR,CONC RIO TER,Bens Industriais / Transporte / Exploração de Rodovias,www.crt.com.br,ATIVO,11
147,61.022.042/0001-18,Não Informado,BR,CONST A LIND,Consumo Cíclico / Construção Civil / Incorporações,www.grupoldi.com.br,ATIVO,9
148,00.000.000/0000-00,Não Informado,BDRs DRN Não Patrocinado,CONSTELLATIO,Não Classificados / Não Classificado / Não Classificados,Não Informado,ATIVO,6
149,17.281.106/0001-03,Prestar Serviços de Saneamento.,BR,COPASA,Utilidade Pública / água e Saneamento / água e Saneamento,www.copasa.com.br,ATIVO,5
150,76.483.817/0001-20,Geração. Transmissão. Comercialização E Distribuição de Energia Elétrica,BR,COPEL,Utilidade Pública / Energia Elétrica / Energia Elétrica,http://ri.copel.com,ATIVO,5
151,00.000.000/0000-00,Não Informado,BDRs DRN Não Patrocinado,COPHILLIPS,Petróleo. Gás e Biocombustíveis / Petróleo. Gás e Biocombustíveis / Exploração. Refino e Distribuiçã,www.conocophillips.com,ATIVO,18
152,15.101.405/0001-93,Não Informado,BR,COR RIBEIRO,Financeiro / Exploração de Imóveis / Exploração de Imóveis,www.crci.com.br,ATIVO,8
153,50.746.577/0001-15,Produção de Açúcar. Etanol E Cogeração de Energia. Distribuição de Combustíveis.produção E Distribui,BR,COSAN,Petróleo. Gás e Biocombustíveis / Petróleo. Gás e Biocombustíveis / Exploração. Refino e Distribuiçã,www.cosan.com.br/ri,ATIVO,5
154,17.346.997/0001-39,Administração. Direta Ou Indireta. de Participações Societárias em Empresas Do Setor de Infraestrutu,BR,COSAN LOG,Bens Industriais / Transporte / Transporte Ferroviário,http://ri.cosanlogistica.com/,ATIVO,11
155,08.324.196/0001-81,Serviço Público de Distribuição de Energia Elétrica,BR,COSERN,Utilidade Pública / Energia Elétrica / Energia Elétrica,www.cosern.com.br,ATIVO,5
156,00.000.000/0000-00,Não Informado,BDRs DRN Não Patrocinado,COSTCO,Consumo Cíclico / Comércio / Produtos Diversos,http://www.costco.com,ATIVO,7
157,22.677.520/0001-76,Holding,BR,COTEMINAS,Consumo Cíclico / Tecidos. Vestuário e Calçados / Fios e Tecidos,www.ctnm.com.br,ATIVO,7
158,00.000.000/0000-00,Não Informado,BDRs DRN Não Patrocinado,COTY INC,Consumo não Cíclico / Produtos de Uso Pessoal e de Limpeza / Produtos de Uso Pessoal,http://www.coty.com,ATIVO,7
159,02.429.144/0001-93,Gestão de Participações Societárias (holdings),BR,CPFL ENERGIA,Utilidade Pública / Energia Elétrica / Energia Elétrica,www.cpfl.com.br,ATIVO,5
160,08.439.659/0001-50,Geração de Energias Renováveis.,BR,CPFL RENOVAV,Utilidade Pública / Energia Elétrica / Energia Elétrica,www.cpflrenovaveis.com.br,ATIVO,5
161,07.820.907/0001-46,Incorporação Imobiliária,BR,CR2,Consumo Cíclico / Construção Civil / Incorporações,www.cr2.com.br,ATIVO,9
162,00.000.000/0000-00,Não Informado,BDRs DRN Não Patrocinado,CREDIT ACCEP,Não Classificados / Não Classificado / Não Classificados,Não Informado,ATIVO,3
163,15.115.504/0001-24,Não Informado,BR,CRISTAL,Materiais Básicos / Químicos / Químicos Diversos,http://www.cristal-al.com.br,ATIVO,17
164,01.896.779/0001-38,Terceirização em Administração E Processamento de Meios Eletrónicos de Pagamento. Infraestrutura E G,BR,CSU CARDSYST,Bens Industriais / Serviços / Serviços Diversos,www.csu.com.br,ATIVO,3
165,00.000.000/0000-00,Não Informado,BDRs DRN Não Patrocinado,CSX CORP,Não Classificados / Não Classificado / Não Classificados,Não Informado,ATIVO,6
166,06.981.381/0001-13,Com Sua Atuação em Biotecnologia E Melhoramento Genético O Ctc Busca Busca Promover O Aumento Da Pro,BR,CTC S.A.,Consumo não Cíclico / Agropecuária / Agricultura,www.ctc.com.br,ATIVO,2
167,10.760.260/0001-19,Serviços de Turismo. Compreendendo A Intermediação. Individualmente Ou Na Forma Agregada. de Passage,BR,CVC BRASIL,Consumo Cíclico / Viagens e Lazer / Viagens e Turismo,http://www.cvc.com.br/ri,ATIVO,7
168,00.000.000/0000-00,Não Informado,BDRs DRN Não Patrocinado,CVS HEALTH,Consumo não Cíclico / Saúde / Medicamentos e Outros Produtos,http://www.cvs.com,ATIVO,7
169,08.801.621/0001-86,Incorporação de Empreendimentos Imobiliários,BR,CYRE COM-CCP,Financeiro / Exploração de Imóveis / Exploração de Imóveis,www.ccpsa.com.br,ATIVO,9
170,73.178.600/0001-18,Incorporação Imobiliária,BR,CYRELA REALT,Consumo Cíclico / Construção Civil / Incorporações,www.cyrela.com.br,ATIVO,9
171,00.000.000/0000-00,Não Informado,BDRs DRN Não Patrocinado,DANAHER CORP,Financeiro / Holdings Diversificadas / Holdings Diversificadas,www.danaher.com,ATIVO,8
172,61.486.650/0001-83,Análises Clínicas E Medicina Diagnóstica,BR,DASA,Saúde / Serv.Méd.Hospit..Análises e Diagnósticos / Serv.Méd.Hospit..Análises e Diagnósticos,www.dasa3.com.br,ATIVO,2
173,00.000.000/0000-00,Não Informado,BDRs DRN Não Patrocinado,DAVITA INC,Não Classificados / Não Classificado / Não Classificados,Não Informado,ATIVO,6
174,00.000.000/0000-00,Não Informado,BDRs DRN Não Patrocinado,DEERE CO,Não Classificados / Não Classificado / Não Classificados,Não Informado,ATIVO,6
175,00.000.000/0000-00,Não Informado,BDRs DRN Não Patrocinado,DELTA,Construção e Transporte / Transporte / Transporte Aéreo,http://www.delta.com,ATIVO,11
176,00.000.000/0000-00,Não Informado,BDRs DRN Não Patrocinado,DENTSPLY SIR,Não Classificados / Não Classificado / Não Classificados,Não Informado,ATIVO,6
177,00.000.000/0000-00,Não Informado,BDRs DRN Não Patrocinado,DEUTSCHE AK,Não Classificados / Não Classificado / Não Classificados,Não Informado,ATIVO,6
178,92.665.611/0001-77,Comercio Atacadista E Varejista de Medicamentos E Produtos de Perfumaria E Toucador,BR,DIMED,Saúde / Comércio e Distribuição / Medicamentos e Outros Produtos,www.panvel.com.br,ATIVO,2
179,16.614.075/0001-00,Incorporação. Construção E Comercialização de Imóveis Próprios Ou de Terceiros E Prestação de Serviç,BR,DIRECIONAL,Consumo Cíclico / Construção Civil / Incorporações,www.direcional.com.br/ri,ATIVO,9
180,00.000.000/0000-00,Não Informado,BDRs DRN Não Patrocinado,DISCOVERY IN,Não Classificados / Não Classificado / Não Classificados,Não Informado,ATIVO,6
181,84.683.408/0001-03,Tecelagem de Fios de Algodão E Fibras Sintéticas,BR,DOHLER,Consumo Cíclico / Tecidos. Vestuário e Calçados / Fios e Tecidos,www.dohler.com.br,ATIVO,7
182,00.000.000/0000-00,Não Informado,BDRs DRN Não Patrocinado,DOLLAR GENER,Não Classificados / Não Classificado / Não Classificados,Não Informado,ATIVO,6
183,00.000.000/0000-00,Não Informado,BDRs DRN Não Patrocinado,DOLLAR TREE,Não Classificados / Não Classificado / Não Classificados,Não Informado,ATIVO,6
184,08.926.302/0001-05,A Companhia Terá Por Objeto A Exploração. Produção E Comercialização de Petróleo E Seus Derivados. G,BR,DOMMO,Petróleo. Gás e Biocombustíveis / Petróleo. Gás e Biocombustíveis / Exploração. Refino e Distribuiçã,www.dommoenergia.com.br,ATIVO,18
185,03.303.999/0001-36,Treinamento em Desenvolvimento Profissional E Gerencial,BR,DTCOM-DIRECT,Bens Industriais / Serviços / Serviços Diversos,www.dtcom.com.br,ATIVO,15
186,00.000.000/0000-00,Não Informado,BDRs DRN Não Patrocinado,DUKE ENERGY,Utilidade Pública / Energia Elétrica / Energia Elétrica,www.duke.com,ATIVO,5
187,00.000.000/0000-00,Não Informado,BDRs DRN Não Patrocinado,DUPONT N INC,Financeiro / Holdings Diversificadas / Holdings Diversificadas,www.bradescocustodia.com.br,ATIVO,8
188,97.837.181/0001-47,Fabricação. Comércio. Importação E Exportação de Produtos Derivados de Madeira. de Produtos de Metai,BR,DURATEX,Materiais Básicos / Madeira e Papel / Madeira,www.duratex.com.br,ATIVO,9
189,00.000.000/0000-00,Não Informado,BDRs DRN Não Patrocinado,EBAY,Tecnologia da Informação / Programas e Serviços / Programas e Serviços,www.ebay.com,ATIVO,4
265,00.000.000/0000-00,Não Informado,BDRs DRN Não Patrocinado,HONEYWELL,Financeiro / Holdings Diversificadas / Holdings Diversificadas,www.honeywell.com,ATIVO,7
190,04.149.454/0001-80,Exploração Direta Ou Indireta de Negócios de Concessão de Obras E Serviços Públicos E Organização Lo,BR,ECORODOVIAS,Bens Industriais / Transporte / Exploração de Rodovias,www.ecorodovias.com.br,ATIVO,11
191,00.000.000/0000-00,Não Informado,BDRs DRN Não Patrocinado,ELECTR ARTS,Não Classificados / Não Classificado / Não Classificados,Não Informado,ATIVO,6
192,13.788.120/0001-47,Industrialização E Comercialização de Produtos Químicos,BR,ELEKEIROZ,Materiais Básicos / Químicos / Petroquímicos,www.elekeiroz.com.br,ATIVO,17
193,02.328.280/0001-97,Distribuição de Energia Elétrica,BR,ELEKTRO,Utilidade Pública / Energia Elétrica / Energia Elétrica,www.elektro.com.br,ATIVO,5
194,00.001.180/0001-26,Empresa Holding de Geração. Transmissão E Distribuição de Energia,BR,ELETROBRAS,Utilidade Pública / Energia Elétrica / Energia Elétrica,www.eletrobras.com,ATIVO,5
195,00.514.998/0001-42,Participação em Outras Sociedades.,BR,ELETRON,Outros / Outros / Outros,http://www.eletronnet.com.br/home/index.aspx,ATIVO,5
196,01.104.937/0001-70,A Eletropar Tem Por Objeto Social Principal A Participação No Capital Social Da Eletropaulo - Eletri,BR,ELETROPAR,Utilidade Pública / Energia Elétrica / Energia Elétrica,www.eletrobraspar.com,ATIVO,5
197,61.695.227/0001-93,Distribuição de Energia Elétrica,BR,ELETROPAULO,Utilidade Pública / Energia Elétrica / Energia Elétrica,www.aeseletropaulo.com.br,ATIVO,5
198,02.302.101/0001-42,Produção de Energia Elétrica,BR,EMAE,Utilidade Pública / Energia Elétrica / Energia Elétrica,www.emae.com.br,ATIVO,5
199,07.689.002/0001-89,Produção de Aerovanes,BR,EMBRAER,Bens Industriais / Material de Transporte / Material Aeronáutico e de Defesa,www.embraer.com.br,ATIVO,1
200,11.669.021/0001-10,Participação em Sociedades Que Se Dediquem à Exploração. Produção E comercialização de Petróleo. Gás,BR,ENAUTA PART,Petróleo. Gás e Biocombustíveis / Petróleo. Gás e Biocombustíveis / Exploração. Refino e Distribuiçã,www.qgep.com.br,ATIVO,18
201,01.971.614/0001-83,Holding,BR,ENCORPAR,Consumo Cíclico / Tecidos. Vestuário e Calçados / Fios e Tecidos,www.encopar.com.br,ATIVO,8
202,03.983.431/0001-03,área de Negócios: Geração. Distribuição. Transmissão E Comercialização de Energia Elétrica,BR,ENERGIAS BR,Utilidade Pública / Energia Elétrica / Energia Elétrica,www.edpbr.com.br,ATIVO,5
203,00.864.214/0001-06,Sociedade de Participações em Outras Empresas. Predominantemente em Distribuidoras de Energia Elétri,BR,ENERGISA,Utilidade Pública / Energia Elétrica / Energia Elétrica,www.energisa.com.br,ATIVO,5
204,03.467.321/0001-99,Distribuição de Energia Elétrica,BR,ENERGISA MT,Utilidade Pública / Energia Elétrica / Energia Elétrica,www.energisa.com.br,ATIVO,5
205,04.423.567/0001-21,Empresa de Recursos Naturais E de Geração de Energia Elétrica. Integração Vertical Na Geração de Ene,BR,ENEVA,Utilidade Pública / Energia Elétrica / Energia Elétrica,www.eneva.com.br,ATIVO,5
206,02.474.103/0001-19,Geração E Comercialização de Energia Elétrica,BR,ENGIE BRASIL,Utilidade Pública / Energia Elétrica / Energia Elétrica,www.engieenergia.com.br,ATIVO,5
207,03.220.438/0001-73,Empresa Holding Com Atuação No Setor Elétrico,BR,EQUATORIAL,Utilidade Pública / Energia Elétrica / Energia Elétrica,www.equatorialenergia.com.br,ATIVO,5
208,00.000.000/0000-00,Não Informado,BDRs DRN Não Patrocinado,EQUINIX INC,Não Classificados / Não Classificado / Não Classificados,Não Informado,ATIVO,6
209,08.807.432/0001-10,Desenvolve Principalmente Nas áreas de Educação de Nível Superior. Nas Modalidades Presencial E A Di,BR,ESTACIO PART,Consumo Cíclico / Diversos / Serviços Educacionais,www.estacioparticipacoes.com.br,ATIVO,13
210,00.000.000/0000-00,Não Informado,BDRs DRN Não Patrocinado,ESTEE LAUDER,Não Classificados / Não Classificado / Não Classificados,Não Informado,ATIVO,6
211,61.082.004/0001-50,Fabricação de Brinquedos E Jogos Recreativos,BR,ESTRELA,Consumo Cíclico / Viagens e Lazer / Brinquedos e Jogos,www.estrela.com.br,ATIVO,1
212,61.092.037/0001-81,Industrialização E Comercialização de Produtos de Fibrocimento. Cimento. Concreto. Gesso. Produtos d,BR,ETERNIT,Bens Industriais / Construção e Engenharia / Produtos para Construção,www.eternit.com.br/ri,ATIVO,1
213,56.643.018/0001-66,Indústria E Comércio de Chapas de Fibra de Madeira,BR,EUCATEX,Materiais Básicos / Madeira e Papel / Madeira,www.eucatex.com.br/ri,ATIVO,1
214,43.470.988/0001-65,Construção. Incorporação E Loteamento.,BR,EVEN,Consumo Cíclico / Construção Civil / Incorporações,http://www.even.com.br,ATIVO,9
215,95.426.862/0001-97,Não Informado,BR,EXCELSIOR,Consumo não Cíclico / Alimentos Processados / Carnes e Derivados,www.excelsior.ind.br,ATIVO,7
216,00.000.000/0000-00,Não Informado,BDRs DRN Não Patrocinado,EXPEDIA GROU,Não Classificados / Não Classificado / Não Classificados,Não Informado,ATIVO,6
217,00.000.000/0000-00,Não Informado,BDRs DRN Não Patrocinado,EXXON MOBIL,Petróleo. Gás e Biocombustíveis / Petróleo. Gás e Biocombustíveis / Exploração. Refino e Distribuiçã,Não Informado,ATIVO,18
218,08.312.229/0001-73,(a) Incorporação E Comercialização de Empreendimentos Imobiliários de Qualquer Natureza. (b) Adminis,BR,EZTEC,Consumo Cíclico / Construção Civil / Incorporações,www.eztec.com.br/ri,ATIVO,9
219,00.000.000/0000-00,Não Informado,BDRs DRN Não Patrocinado,FACEBOOK,Tecnologia da Informação / Programas e Serviços / Programas e Serviços,Não Informado,ATIVO,12
220,00.000.000/0000-00,Não Informado,BDRs DRN Não Patrocinado,FASTENAL,Não Classificados / Não Classificado / Não Classificados,Não Informado,ATIVO,6
221,00.000.000/0000-00,Não Informado,BDRs DRN Não Patrocinado,FEDEX CORP,Bens Industriais / Transporte / Transporte Rodoviário,www.fedex.com,ATIVO,11
222,00.000.000/0000-00,Não Informado,BDRs DRN Não Patrocinado,FEMSA,Consumo não Cíclico / Bebidas / Cervejas e Refrigerantes,http://www.femsa.com,ATIVO,7
223,00.924.429/0001-75,Serviço de Transporte Ferroviário,BR,FER C ATLANT,Bens Industriais / Transporte / Transporte Ferroviário,www.fcasa.com.br,ATIVO,11
224,22.266.175/0001-88,Produção. Comercialização E Distribuição de Fertilizantes. Com Atuação Nacional.,BR,FER HERINGER,Materiais Básicos / Químicos / Fertilizantes e Defensivos,www.heringer.com.br,ATIVO,17
225,15.141.799/0001-03,Fabricação E Comercialização Dos Diversos Tipos de Ferroligas,BR,FERBASA,Materiais Básicos / Siderurgia e Metalurgia / Siderurgia,www.ferbasa.com.br,ATIVO,14
226,00.000.000/0000-00,Não Informado,BDRs DRN Não Patrocinado,FIFTH THIRD,Não Classificados / Não Classificado / Não Classificados,Não Informado,ATIVO,6
227,91.669.747/0001-92,Financiamento de Bens E Serviços - Intermediação Financeira,BR,FINANSINOS,Financeiro / Intermediários Financeiros / Soc. Crédito e Financiamento,www.finansinos.com.br,ATIVO,3
228,00.000.000/0000-00,Não Informado,BDRs DRN Não Patrocinado,FIRST SOLAR,Bens Industriais / Serviços / Serviços Diversos,http://firstsolar.com,ATIVO,1
229,00.000.000/0000-00,Não Informado,BDRs DRN Não Patrocinado,FLEETCOR TEC,Não Classificados / Não Classificado / Não Classificados,Não Informado,ATIVO,6
230,60.840.055/0001-31,(i) A Prestação de Serviços Médicos E Medicina Diagnóstica. (ii) A Consultoria. Assessoria. Cursos E,BR,FLEURY,Saúde / Serv.Méd.Hospit..Análises e Diagnósticos / Serv.Méd.Hospit..Análises e Diagnósticos,www.fleury.com.br/ri,ATIVO,2
231,10.851.805/0001-00,A Companhia Atua Na Prestação de Serviços Especializados de Contact Center Ativo E Receptivo E Cobra,BR,FLEX S/A,Bens Industriais / Serviços / Serviços Diversos,www.flexcontact.com.br,ATIVO,1
232,00.000.000/0000-00,Não Informado,BDRs DRN Não Patrocinado,FORD MOTORS,Consumo Cíclico / Automóveis e Motocicletas / Automóveis e Motocicletas,www.ford.com,ATIVO,1
233,92.781.335/0001-02,Indústria E Comércio de Armas,BR,FORJA TAURUS,Bens Industriais / Máquinas e Equipamentos / Armas e Munições,www.taurus.com.br,ATIVO,1
234,88.610.126/0001-29,Indústria de Autopeças E Materiais de Fricção,BR,FRAS-LE,Bens Industriais / Material de Transporte / Material Rodoviário,http://ri.fras-le.com.br,ATIVO,1
235,00.000.000/0000-00,Não Informado,BDRs DRN Não Patrocinado,FREEPORT,Materiais Básicos / Mineração / Minerais Metálicos,www.fcx.com,ATIVO,14
236,01.545.826/0001-07,Não Informado,BR,GAFISA,Consumo Cíclico / Construção Civil / Incorporações,www.gafisa.com.br,ATIVO,9
237,02.796.775/0001-40,Participação em Outras Sociedades.,BR,GAMA PART,Outros / Outros / Outros,http://www.gamaparticipacoes.com.br/home/index.aspx,ATIVO,8
238,00.000.000/0000-00,Não Informado,BDRs DRN Não Patrocinado,GAP,Consumo Cíclico / Comércio / Tecidos. Vestuário e Calçados,http://www.gapinc.com,ATIVO,1
239,00.000.000/0000-00,Não Informado,BDRs DRN Não Patrocinado,GE,Financeiro / Holdings Diversificadas / Holdings Diversificadas,www.ge.com,ATIVO,1
240,00.000.000/0000-00,Não Informado,BDRs DRN Não Patrocinado,GEN DYNAMICS,Bens Industriais / Material de Transporte / Material Aeronáutico e de Defesa,www.generaldynamics.com,ATIVO,1
241,00.000.000/0000-00,Não Informado,BDRs DRN Não Patrocinado,GENERAL MOT,Consumo Cíclico / Automóveis e Motocicletas / Automóveis e Motocicletas,http://www.gm.com,ATIVO,1
242,08.764.621/0001-53,Administração de Shopping Centers,BR,GENERALSHOPP,Financeiro / Exploração de Imóveis / Exploração de Imóveis,www.generalshopping.com.br,ATIVO,9
243,00.000.000/0000-00,Não Informado,BDRs DRN Não Patrocinado,GEOPARK LTD,Não Classificados / Não Classificado / Não Classificados,Não Informado,ATIVO,6
244,02.998.301/0001-81,Geração E Comercialização de Energia Elétrica,BR,GER PARANAP,Utilidade Pública / Energia Elétrica / Energia Elétrica,http://www.paranapanemaenergia.com.br,ATIVO,5
245,33.611.500/0001-19,Participação E Administração,BR,GERDAU,Materiais Básicos / Siderurgia e Metalurgia / Siderurgia,www.gerdau.com,ATIVO,10
246,92.690.783/0001-09,Participação E Administração,BR,GERDAU MET,Materiais Básicos / Siderurgia e Metalurgia / Siderurgia,www.gerdau.com,ATIVO,10
247,00.000.000/0000-00,Não Informado,BDRs DRN Não Patrocinado,GILEAD,Consumo não Cíclico / Saúde / Medicamentos e Outros Produtos,http://www.gilead.com,ATIVO,2
248,06.164.253/0001-87,Gestão de Participação Societária,BR,GOL,Bens Industriais / Transporte / Transporte Aéreo,www.voegol.com.br/ri,ATIVO,11
249,00.000.000/0000-00,Não Informado,BDRs DRN Não Patrocinado,GOLDMANSACHS,Financeiro / Intermediários Financeiros / Bancos,www.goldmansachs.com,ATIVO,3
250,00.000.000/0000-00,Não Informado,BDRs DRN Não Patrocinado,GOPRO,Tecnologia da Informação / Computadores e Equipamentos / Computadores e Equipamentos,http://www.gopro.com,ATIVO,12
251,07.857.850/0001-50,Investimentos Alternativos. Principalmente em Private Equity,BR,GP INVEST,Financeiro / Serviços Financeiros Diversos / Gestão de Recursos e Investimentos,www.gp-investments.com,ATIVO,8
252,02.193.750/0001-52,Não Informado,BR,GPC PART,Materiais Básicos / Químicos / Petroquímicos,www.gpc.com.br,ATIVO,8
253,92.012.467/0001-70,Comércio Varejista de Vesturio E Bazar.,BR,GRAZZIOTIN,Consumo Cíclico / Comércio / Tecidos. Vestuário e Calçados,www.grazziotin.com.br,ATIVO,7
254,89.850.341/0001-60,Fabricação de Calçados em Geral,BR,GRENDENE,Consumo Cíclico / Tecidos. Vestuário e Calçados / Calçados,www.grendene.com.br,ATIVO,7
255,08.402.943/0001-52,Confecções de Roupas E Tecidos em Geral.,BR,GUARARAPES,Consumo Cíclico / Comércio / Tecidos. Vestuário e Calçados,www.guararapes.ind.br,ATIVO,7
256,87.762.563/0001-03,Participar em Outras Sociedade. Civis Ou Comerciais; Prestar Serviços Técnicos de Planejamento. Orga,BR,HABITASUL,Financeiro / Exploração de Imóveis / Exploração de Imóveis,www.habitasul.com.br,ATIVO,9
257,30.540.991/0001-66,Industria Metalúrgica - Fab. de Fechaduras P/construção Civil,BR,HAGA S/A,Bens Industriais / Construção e Engenharia / Produtos para Construção,www.haga.com.br,ATIVO,1
258,00.000.000/0000-00,Não Informado,BDRs DRN Não Patrocinado,HALLIBURTON,Petróleo. Gás e Biocombustíveis / Petróleo. Gás e Biocombustíveis / Equipamentos e Serviços,www.halliburton.com,ATIVO,18
259,00.000.000/0000-00,Não Informado,BDRs DRN Não Patrocinado,HANOVER INSU,Não Classificados / Não Classificado / Não Classificados,Não Informado,ATIVO,6
260,05.197.443/0001-38,Participação. Como Sócia Ou Acionista. em Outras Empresas. Predominantemente de Assistência Médica. ,BR,HAPVIDA,Saúde / Serv.Méd.Hospit..Análises e Diagnósticos / Serv.Méd.Hospit..Análises e Diagnósticos,www.hapvida.com.br,ATIVO,2
261,49.263.189/0001-02,Incorporação de Imoveis,BR,HELBOR,Consumo Cíclico / Construção Civil / Incorporações,http://www.helbor.com.br,ATIVO,9
262,92.749.225/0001-63,Fabricação E A Comercialização de Toda A Espécie de Talheres E Outros Artigos de Mesa Para Uso Domés,BR,HERCULES,Consumo Cíclico / Utilidades Domésticas / Utensílios Domésticos,http://www.hercules.ind.br,ATIVO,1
263,00.000.000/0000-00,Não Informado,BDRs DRN Não Patrocinado,HERSHEY CO,Consumo não Cíclico / Alimentos Processados / Alimentos Diversos,http://www.thehersheycompany.com,ATIVO,7
264,00.000.000/0000-00,Não Informado,BDRs DRN Não Patrocinado,HOME DEPOT,Consumo Cíclico / Comércio / Produtos Diversos,www.homedepot.com,ATIVO,7
266,33.200.049/0001-47,Prestação de Serviços Na Indústria Hoteleira,BR,HOTEIS OTHON,Consumo Cíclico / Hoteis e Restaurantes / Hotelaria,www.ciahoteisothon.com.br,ATIVO,9
267,00.000.000/0000-00,Não Informado,BDRs DRN Não Patrocinado,HP COMPANY,Tecnologia da Informação / Computadores e Equipamentos / Computadores e Equipamentos,www.hp.com,ATIVO,12
268,02.932.074/0001-91,Fabricacão de Medicamentos Alopáticos Para Uso Humano,BR,HYPERA,Saúde / Comércio e Distribuição / Medicamentos e Outros Produtos,www.hypermarcas.com.br,ATIVO,7
269,00.000.000/0000-00,Não Informado,BDRs DRN Não Patrocinado,IBM,Tecnologia da Informação / Programas e Serviços / Programas e Serviços,www.ibm.com,ATIVO,4
270,02.365.069/0001-44,Aquisição de Participações Diretas E Indiretas em Companhias Do Setor de Tecnologia. Mídia E Telecom,BR,IDEIASNET,Financeiro / Serviços Financeiros Diversos / Serviços Financeiros Diversos,www.ideiasnet.com.br,ATIVO,4
271,43.185.362/0001-07,Eletroeletrónica,BR,IGB S/A,Financeiro / Exploração de Imóveis / Exploração de Imóveis,www.igbeletronica.com,ATIVO,9
272,08.159.965/0001-33,Prestação de Serviços Públicos de água E Esgoto.,BR,IGUA SA,Utilidade Pública / água e Saneamento / água e Saneamento,www.iguasa.com.br,ATIVO,5
273,51.218.147/0001-93,Empresa Full Service No Setor de Shopping Centers. Suas Atividades Englobam A Concepção. O Planejame,BR,IGUATEMI,Financeiro / Exploração de Imóveis / Exploração de Imóveis,www.iguatemi.com.br,ATIVO,9
274,19.378.769/0001-76,Prestação de Serviços de Medicina Diagnóstica.,BR,IHPARDINI,Saúde / Serv.Méd.Hospit..Análises e Diagnósticos / Serv.Méd.Hospit..Análises e Diagnósticos,www3.hermespardini.com.br/ri,ATIVO,2
275,17.314.329/0001-20,Setor de Varejo de Alimentação,BR,IMC S/A,Consumo Cíclico / Hoteis e Restaurantes / Restaurante e Similares,www.internationalmealcompany.com,ATIVO,7
276,19.526.748/0001-50,Não Informado,BR,IND CATAGUAS,Consumo Cíclico / Tecidos. Vestuário e Calçados / Fios e Tecidos,www.cataguases.com.br,ATIVO,7
277,56.720.428/0001-63,Indústria E Comércio de Máquinas-ferramenta,BR,INDS ROMI,Bens Industriais / Máquinas e Equipamentos / Máq. e Equip. Industriais,www.romi.com,ATIVO,1
278,61.024.352/0001-71,Banco Múltiplo Que Concentra Seus Negócios em Produtos de Crédito Corporativo. em Moeda Nacional E E,BR,INDUSVAL,Financeiro / Intermediários Financeiros / Bancos,www.bip.b.br,ATIVO,3
279,76.627.504/0001-06,Fabricação de Equipamentos E Sistemas Elétricos . Fabricação de Torres E Acessórios Para Transmissão,BR,INEPAR,Bens Industriais / Máquinas e Equipamentos / Máq. e Equip. Industriais,www.inepar.com.br,ATIVO,1
280,00.000.000/0000-00,Não Informado,BDRs DRN Não Patrocinado,INTEL,Tecnologia da Informação / Computadores e Equipamentos / Computadores e Equipamentos,www.intel.com,ATIVO,4
281,09.611.768/0001-76,Incorporação de Empreendimentos Imobiliários E Construção de Edifícios,BR,INTER SA,Consumo Cíclico / Construção Civil / Incorporações,www.interconstrutora.com.br,ATIVO,9
282,19.853.511/0001-84,Prestação de Serviços de Assistência à Saúde E Odontológica.,BR,INTERMEDICA,Saúde / Serv.Méd.Hospit..Análises e Diagnósticos / Serv.Méd.Hospit..Análises e Diagnósticos,ri.gndi.com.br,ATIVO,2
283,00.000.000/0000-00,Não Informado,BDRs DRN Não Patrocinado,INTUIT INC,Não Classificados / Não Classificado / Não Classificados,Não Informado,ATIVO,6
284,03.758.318/0001-24,Foi Constituída Sob A Forma de Sociedade Anónima E Tem Como Objeto Social A Participação em Outras S,BR,INVEPAR,Bens Industriais / Transporte / Serviços de Apoio e Armazenagem,www.invepar.com.br,ATIVO,8
285,00.000.000/0000-00,Não Informado,BDRs DRN Não Patrocinado,INVEST BCORP,Não Classificados / Não Classificado / Não Classificados,Não Informado,ATIVO,6
286,01.548.981/0001-79,Investimentos,BR,INVEST BEMGE,Outros / Outros / Outros,www.investimentosbemge.com.br,ATIVO,3
287,61.156.113/0001-75,Fabricação E Comercialização de Produtos Do Setor Automotivo E Equipamentos Ferroviários.,BR,IOCHP-MAXION,Consumo Cíclico / Automóveis e Motocicletas / Automóveis e Motocicletas,www.iochpe.com.br,ATIVO,1
288,33.376.989/0001-91,Operações de Resseguro E Retrocessão,BR,IRBBRASIL RE,Financeiro / Previdência e Seguros / Seguradoras,ri.irbbrasilre.com,ATIVO,16
289,61.532.644/0001-15,Gestão de Participações Societárias (holding),BR,ITAUSA,Financeiro / Intermediários Financeiros / Bancos,www.itausa.com.br,ATIVO,8
536,00.000.000/0000-00,Não Informado,BDRs DRN Não Patrocinado,WAL MART,Consumo não Cíclico / Comércio e Distribuição / Alimentos,www.walmartstores.com,ATIVO,7
290,54.526.082/0001-31,Participação em Outras Sociedades No País E No Exterior. em Especial Naquelas Que Atuam Na Fabricaçã,BR,ITAUTEC,Tecnologia da Informação / Computadores e Equipamentos / Computadores e Equipamentos,www.itautec.com.br,ATIVO,4
291,60.872.504/0001-23,A Sociedade Tem Por Objeto A Atividade Bancária em Todas As Modalidades Autorizadas. Inclusive A de ,BR,ITAUUNIBANCO,Financeiro / Intermediários Financeiros / Bancos,www.itau-unibanco.com.br/relacoes-com-investidores,ATIVO,3
292,60.637.238/0001-54,I - Exploração Industrial E Comercial. Exp. E Imp de Produtos Alimenticios; Ii - Exploração Industri,BR,J B DUARTE,Outros / Outros / Outros,www.industriasjbduarte.com.br,ATIVO,7
293,02.916.265/0001-60,Não Informado,BR,JBS,Consumo não Cíclico / Alimentos Processados / Carnes e Derivados,www.jbs.com.br,ATIVO,7
294,00.000.000/0000-00,Não Informado,BDRs DRN Não Patrocinado,JC PENNEY,Consumo Cíclico / Comércio / Tecidos. Vestuário e Calçados,http://www.jcpenney.com,ATIVO,7
295,60.543.816/0001-93,Não Informado,BR,JEREISSATI,Financeiro / Exploração de Imóveis / Exploração de Imóveis,www.jereissati.com.br,ATIVO,9
296,08.294.224/0001-65,Empresa Que Investe No Brasil em Negócios Voltados A Atender O Público de Alta Renda. Focada No Dese,BR,JHSF PART,Consumo Cíclico / Construção Civil / Incorporações,http://ri.jhsf.com.br/,ATIVO,9
297,33.035.536/0001-00,Incorporação E Construção de Imóveis; Execução Por Administração de Obras de Construção Civil,BR,JOAO FORTES,Consumo Cíclico / Construção Civil / Incorporações,www.joaofortes.com.br/ri,ATIVO,9
298,00.000.000/0000-00,Não Informado,BDRs DRN Não Patrocinado,JOHNSON,Saúde / Medicamentos e Outros Produtos / Medicamentos e Outros Produtos,www.jnj.com,ATIVO,2
299,87.456.562/0001-22,Beneficiamento de Arroz E Participações,BR,JOSAPAR,Consumo não Cíclico / Alimentos Processados / Alimentos Diversos,http://www.josapar.com.br,ATIVO,7
300,00.000.000/0000-00,Não Informado,BDRs DRN Não Patrocinado,JPMORGAN,Financeiro / Intermediários Financeiros / Bancos,www.jpmorganchase.com,ATIVO,3
301,52.548.435/0001-79,Não Informado,BR,JSL,Bens Industriais / Transporte / Transporte Rodoviário,www.jsl.com.br/ri,ATIVO,11
302,82.640.558/0001-04,Fabricação. Exportação. Importação E O Comércio Atacadista E Varejista de Fios. Tecidos E Produtos T,BR,KARSTEN,Consumo Cíclico / Tecidos. Vestuário e Calçados / Fios e Tecidos,www.karsten.com.br,ATIVO,7
303,00.000.000/0000-00,Não Informado,BDRs DRN Não Patrocinado,KEMPER CORP,Não Classificados / Não Classificado / Não Classificados,Não Informado,ATIVO,6
304,91.983.056/0001-69,Indústria E Comércio de Produtos E Matérias Primas Relacionadas A Metalurgia. Importação E Exportaçã,BR,KEPLER WEBER,Bens Industriais / Máquinas e Equipamentos / Máq. e Equip. Industriais,www.kepler.com.br,ATIVO,1
305,00.000.000/0000-00,Não Informado,BDRs DRN Não Patrocinado,KIMBERLY CL,Consumo não Cíclico / Produtos de Uso Pessoal e de Limpeza / Produtos de Uso Pessoal,www.kimberly-clark.com,ATIVO,7
306,00.000.000/0000-00,Não Informado,BDRs DRN Não Patrocinado,KINDER MORGA,Não Classificados / Não Classificado / Não Classificados,Não Informado,ATIVO,6
307,89.637.490/0001-45,Empresa Brasileira de Base Florestal. Produtora de Papéis E Cartões Para Embalagens. Embalagens de P,BR,KLABIN S/A,Materiais Básicos / Madeira e Papel / Papel e Celulose,www.klabin.com.br,ATIVO,19
308,00.000.000/0000-00,Não Informado,BDRs DRN Não Patrocinado,KRAFT HEINZ,Consumo não Cíclico / Alimentos Processados / Alimentos Diversos,http://www.kraftheinzcompany.com,ATIVO,7
309,02.800.026/0001-40,A Companhia Tem Por Objeto A Participação. Como Sócia Ou Acionista. em Sociedades Que Explorem A Adm,BR,KROTON,Consumo Cíclico / Diversos / Serviços Educacionais,www.kroton.com.br,ATIVO,13
310,00.000.000/0000-00,Não Informado,BDRs DRN Não Patrocinado,L BRANDS,Consumo Cíclico / Comércio / Tecidos. Vestuário e Calçados,http://www.lb.com,ATIVO,7
311,49.669.856/0001-43,(a) Confecção de Produtos em Geral. Através de Terceiros; (b) Importação E Exportação; (c) Exploraçã,BR,LE LIS BLANC,Consumo Cíclico / Comércio / Tecidos. Vestuário e Calçados,www.lelis.com.br,ATIVO,7
312,00.000.000/0000-00,Não Informado,BDRs DRN Não Patrocinado,LIBERTY BROA,Não Classificados / Não Classificado / Não Classificados,Não Informado,ATIVO,6
313,00.000.000/0000-00,Não Informado,BDRs DRN Não Patrocinado,LIBERTY MEDI,Não Classificados / Não Classificado / Não Classificados,Não Informado,ATIVO,6
314,03.378.521/0001-75,Participação em Sociedades P/ Exploração Serviços de Energia Elétrica,BR,LIGHT S/A,Utilidade Pública / Energia Elétrica / Energia Elétrica,www.light.com.br,ATIVO,5
315,00.000.000/0000-00,Não Informado,BDRs DRN Não Patrocinado,LILLY,Saúde / Medicamentos e Outros Produtos / Medicamentos e Outros Produtos,www.lilly.com,ATIVO,2
316,06.948.969/0001-75,Não Informado,BR,LINX,Tecnologia da Informação / Programas e Serviços / Programas e Serviços,www.linx.com.br,ATIVO,4
317,04.032.433/0001-80,A Liq É Uma Das Maiores Empresas Brasileiras Especializadas de Forma Abrangente Na Gestão Do Relacio,BR,LIQ,Bens Industriais / Serviços / Serviços Diversos,www.liq.com.br,ATIVO,15
318,00.743.065/0001-27,Não Informado,BR,LITEL,Materiais Básicos / Mineração / Minerais Metálicos,www.litelbrasil.com.br,ATIVO,8
319,16.670.085/0001-55,Aluguel de Carros E Gestão de Frotas,BR,LOCALIZA,Consumo Cíclico / Diversos / Aluguel de carros,www.localiza.com,ATIVO,1
320,10.215.988/0001-60,A Companhia Tem Por Objeto A Atividade de Locação de Veículos Nacionais E Importados Com Ou Sem Moto,BR,LOCAMERICA,Consumo Cíclico / Diversos / Aluguel de carros,www.locamerica.com.br,ATIVO,1
321,00.000.000/0000-00,Não Informado,BDRs DRN Não Patrocinado,LOCKHEED,Bens Industriais / Material de Transporte / Material Aeronáutico e de Defesa,www.lockheedmartin.com,ATIVO,1
322,09.041.168/0001-10,Administração de Bens Próprios. Prestação de Serviços de Engenharia E Construção.incorporação. Const,BR,LOG COM PROP,Financeiro / Exploração de Imóveis / Exploração de Imóveis,http://www.logcp.com.br,ATIVO,9
323,42.278.291/0001-24,A Log-in Oferece Soluções Logísticas Integradas Através Do Transporte Aquaviário em Navios Porta-con,BR,LOG-IN,Bens Industriais / Transporte / Transporte Hidroviário,www.loginlogistica.com.br,ATIVO,1
324,33.014.556/0001-96,Comércio em Geral. Inclusive Supermercado E Lanchonete. Lojas de Conveniência. No Varejo E No Atacad,BR,LOJAS AMERIC,Consumo Cíclico / Comércio / Produtos Diversos,http://ri.lasa.com.br,ATIVO,7
325,61.189.288/0001-89,Comércio Varejista de Artigos Do Vestuário E Acessórios. Prestação de Serviços de Correspondente Ban,BR,LOJAS MARISA,Consumo Cíclico / Comércio / Tecidos. Vestuário e Calçados,www.marisa.com.br,ATIVO,7
326,92.754.738/0001-62,Loja de Departamentos (comércio Varejista),BR,LOJAS RENNER,Consumo Cíclico / Comércio / Tecidos. Vestuário e Calçados,www.lojasrenner.com.br,ATIVO,7
327,02.338.534/0001-58,Participação em Outras Sociedades.,BR,LONGDIS,Outros / Outros / Outros,http://longdis.mzweb.com.br,ATIVO,6
328,08.078.847/0001-09,Intermediação Na Compra. Venda. Permuta E Locação de Imóveis Ou de Direitos E Obrigações A Eles Rela,BR,LOPES BRASIL,Financeiro / Exploração de Imóveis / Intermediação Imobiliária,www.lopes.com.br,ATIVO,9
329,00.000.000/0000-00,Não Informado,BDRs DRN Não Patrocinado,LOWES COMPA,Não Classificados / Não Classificado / Não Classificados,Não Informado,ATIVO,6
330,89.463.822/0001-12,Fabricante de Equipamentos E Provedor de Serviços Para O Setor de Petróleo E Gás.,BR,LUPATECH,Petróleo. Gás e Biocombustíveis / Petróleo. Gás e Biocombustíveis / Equipamentos e Serviços,www.lupatech.com.br,ATIVO,1
331,07.206.816/0001-15,Produção E Comercialização de Biscoitos. Massas. Farinha de Trigo E Farelo. Margarinas E Gorduras. B,BR,M.DIASBRANCO,Consumo não Cíclico / Alimentos Processados / Alimentos Diversos,www.mdiasbranco.com.br,ATIVO,7
332,00.000.000/0000-00,Não Informado,BDRs DRN Não Patrocinado,MACY S,Consumo Cíclico / Comércio / Tecidos. Vestuário e Calçados,Não Informado,ATIVO,7
333,08.795.211/0001-70,A Companhia Presta Serviços de Locação de Veículos E Gestão de Frotas.,BR,MAESTROLOC,Consumo Cíclico / Diversos / Aluguel de carros,www.maestrofrotas.com.br,ATIVO,11
334,47.960.950/0001-21,Somos Uma Rede Varejista E Atuamos Com Foco Na Comercialização de Bens Duráveis No Brasil.,BR,MAGAZ LUIZA,Consumo Cíclico / Comércio / Eletrodomésticos,www.magazineluiza.com.br,ATIVO,7
335,61.065.298/0001-02,Produção de Relaminados. Trefilados E Perfilados de Aço. Exceto Arames.,BR,MANGELS INDL,Materiais Básicos / Siderurgia e Metalurgia / Artefatos de Ferro e Aço,www.mangels.com.br,ATIVO,1
336,88.611.835/0001-29,Não Informado,BR,MARCOPOLO,Bens Industriais / Material de Transporte / Material Rodoviário,www.marcopolo.com.br,ATIVO,1
482,00.000.000/0000-00,Não Informado,BDRs DRN Não Patrocinado,TARGET CORP,Consumo não Cíclico / Comércio e Distribuição / Alimentos,www.targetcorp.com,ATIVO,7
337,03.853.896/0001-40,Produção E Distribuição de Alimentos à Base de Carne Bovina. Suína. Ovina E Avícola. In Natura. Elab,BR,MARFRIG,Consumo não Cíclico / Alimentos Processados / Carnes e Derivados,www.marfrig.com.br,ATIVO,7
338,00.000.000/0000-00,Não Informado,BDRs DRN Não Patrocinado,MARKEL CORP,Não Classificados / Não Classificado / Não Classificados,Não Informado,ATIVO,6
339,00.000.000/0000-00,Não Informado,BDRs DRN Não Patrocinado,MASTERCARD,Financeiro / Serviços Financeiros Diversos / Serviços Financeiros Diversos,www.mastercard.com,ATIVO,3
340,00.000.000/0000-00,Não Informado,BDRs DRN Não Patrocinado,MCDONALDS,Consumo Cíclico / Hoteis e Restaurantes / Restaurante e Similares,www.aboutmacdonalds.com,ATIVO,7
341,00.000.000/0000-00,Não Informado,BDRs DRN Não Patrocinado,MEDTRONIC,Consumo não Cíclico / Saúde / Medicamentos e Outros Produtos,http://www.medtronic.com,ATIVO,2
342,60.730.348/0001-66,Não Informado,BR,MELHOR SP,Materiais Básicos / Madeira e Papel / Papel e Celulose,http://www.melhoramentos.com.br,ATIVO,19
343,17.162.082/0001-73,Construção Pesada,BR,MENDES JR,Bens Industriais / Construção e Engenharia / Construção Pesada,www.mendesjuniorengenharia.com.br,ATIVO,9
344,02.664.042/0001-52,Estacionamento E Locação de Lojas E Espaços,BR,MENEZES CORT,Financeiro / Exploração de Imóveis / Exploração de Imóveis,www.tgmc.com.br,ATIVO,11
345,17.184.037/0001-10,Finanças. Banco Múltiplo,BR,MERC BRASIL,Financeiro / Intermediários Financeiros / Bancos,www.mercantildobrasil.com.br,ATIVO,3
346,33.040.601/0001-87,Crédito. Financiamento E Investimentos.,BR,MERC FINANC,Financeiro / Intermediários Financeiros / Soc. Crédito e Financiamento,www.mercantildobrasil.com.br,ATIVO,3
347,34.169.557/0001-72,Atividade Principal:,BR,MERC INVEST,Classificação Setorial:,Site:,ATIVO,3
348,00.000.000/0000-00,Não Informado,BDRs DRN Não Patrocinado,MERCADOLIBRE,Não Classificados / Não Classificado / Não Classificados,Não Informado,ATIVO,12
349,00.000.000/0000-00,Não Informado,BDRs DRN Não Patrocinado,MERCK,Saúde / Medicamentos e Outros Produtos / Medicamentos e Outros Produtos,www.merck.com,ATIVO,2
350,80.227.184/0001-66,Fábrica de Embalagens Metálicas Para Alimentos,BR,METAL IGUACU,Materiais Básicos / Embalagens / Embalagens,www.metaliguacu.com.br,ATIVO,1
351,60.476.884/0001-87,Industria E Comércio de Peças E Componentes Para Motores A Combustão,BR,METAL LEVE,Consumo Cíclico / Automóveis e Motocicletas / Automóveis e Motocicletas,www.mahle.com.br,ATIVO,1
352,04.821.041/0001-08,Fabricação E Comercialiazação de Geladeiras E Similares. de Máquinas de Vendas Automáticas. Componen,BR,METALFRIO,Bens Industriais / Máquinas e Equipamentos / Máq. e Equip. Industriais,www.metalfrio.com.br,ATIVO,1
353,86.375.425/0001-09,Fabricação de Máquinas E Equipamentos Para A Agricultura E Pecuária. Peças E Acessórios. Exceto Para,BR,METISA,Bens Industriais / Máquinas e Equipamentos / Máq. e Equip. Construção e Agrícolas,www.metisa.com.br,ATIVO,1
354,00.000.000/0000-00,Não Informado,BDRs DRN Não Patrocinado,METLIFE INC,Financeiro / Previdência e Seguros / Seguradoras,www.metlife.com,ATIVO,2
355,00.000.000/0000-00,Não Informado,BDRs DRN Não Patrocinado,MICRON TECHN,Não Classificados / Não Classificado / Não Classificados,Não Informado,ATIVO,6
356,00.000.000/0000-00,Não Informado,BDRs DRN Não Patrocinado,MICROSOFT,Tecnologia da Informação / Programas e Serviços / Programas e Serviços,www.microsoft.com,ATIVO,4
357,27.093.558/0001-15,Serviços Especiais de Engenharia E Locação de Plataforma,BR,MILLS,Bens Industriais / Construção e Engenharia / Serviços Diversos,www.mills.com.br,ATIVO,9
358,17.161.241/0001-15,Comércio de Veículos. Peças E Serviços (concessionária Mercedes-benz),BR,MINASMAQUINA,Bens Industriais / Comércio / Material de Transporte,www.minasmaquinas.com.br,ATIVO,1
359,67.620.377/0001-14,Líder Na América Do Sul Na Exportação de Carne Bovina In Natura E Seus Derivados. E Que Atua Também ,BR,MINERVA,Consumo não Cíclico / Alimentos Processados / Carnes e Derivados,www.minervafoods.com/ri,ATIVO,7
360,90.076.886/0001-40,Participação em Outras Empresas. Bem Como Criação. Abate. Industrialização. Comercialização. Importa,BR,MINUPAR,Consumo não Cíclico / Alimentos Processados / Carnes e Derivados,www.minupar.com.br,ATIVO,7
361,02.762.115/0001-49,Mineração de Minério de Ferro,BR,MMX MINER,Materiais Básicos / Mineração / Minerais Metálicos,www.mmx.com.br,ATIVO,14
362,00.000.000/0000-00,Não Informado,BDRs DRN Não Patrocinado,MONDELEZ INT,Consumo não Cíclico / Alimentos Processados / Alimentos Diversos,http://www.mondelezinternational.com,ATIVO,7
363,33.102.476/0001-92,Holding - Participação Societária,BR,MONT ARANHA,Financeiro / Holdings Diversificadas / Holdings Diversificadas,www.monteiroaranha.com.br,ATIVO,8
364,00.000.000/0000-00,Não Informado,BDRs DRN Não Patrocinado,MOODYS CORP,Não Classificados / Não Classificado / Não Classificados,Não Informado,ATIVO,6
365,00.000.000/0000-00,Não Informado,BDRs DRN Não Patrocinado,MORGAN STAN,Financeiro / Serviços Financeiros Diversos / Serviços Financeiros Diversos,www.morganstanley.com,ATIVO,3
366,00.000.000/0000-00,Não Informado,BDRs DRN Não Patrocinado,MOSAIC CO,Materiais Básicos / Químicos / Fertilizantes e Defensivos,http://www.mosaicco.com,ATIVO,17
367,21.314.559/0001-66,Aluguel de Carros E Gestão de Frotas,BR,MOVIDA,Consumo Cíclico / Diversos / Aluguel de carros,www.ri.movida.com.br,ATIVO,11
368,01.417.222/0001-77,Serviços de Transporte Ferroviário de Cargas,BR,MRS LOGIST,Bens Industriais / Transporte / Transporte Ferroviário,www.mrs.com.br,ATIVO,11
369,08.343.492/0001-20,Atividades de Incorporação E Construção atividades de Logística,BR,MRV,Consumo Cíclico / Construção Civil / Incorporações,www.mrv.com.br,ATIVO,9
370,07.816.890/0001-53,Administração de Shopping Centers,BR,MULTIPLAN,Financeiro / Exploração de Imóveis / Exploração de Imóveis,http://ri.multiplan.com.br/,ATIVO,9
371,88.610.191/0001-54,Componentes Diversos Para Indústria de Calçados Confecções. Artigos de Cuidados Pessoais E de Cultel,BR,MUNDIAL,Consumo Cíclico / Tecidos. Vestuário e Calçados / Acessórios,www.mundial.com,ATIVO,1
372,61.067.161/0001-97,Fabricação de Artigos de Vidro Para Uso Doméstico E Embalagem,BR,NADIR FIGUEI,Consumo Cíclico / Utilidades Domésticas / Utensílios Domésticos,www.nadirfigueiredo.com.br,ATIVO,1
373,71.673.990/0001-77,Comércio Atacadista de Comércio E Produtos de Perfumaria,BR,NATURA,Consumo não Cíclico / Produtos de Uso Pessoal e de Limpeza / Produtos de Uso Pessoal,www.natura.net,ATIVO,7
374,01.083.200/0001-18,Participação em Outras Sociedades,BR,NEOENERGIA,Utilidade Pública / Energia Elétrica / Energia Elétrica,www.neoenergia.com,ATIVO,5
375,00.000.000/0000-00,Não Informado,BDRs DRN Não Patrocinado,NETFLIX,Consumo Cíclico / Mídia / Produção e Difusão de Filmes e Programas,www.netflix.com,ATIVO,4
376,00.000.000/0000-00,Não Informado,BDRs DRN Não Patrocinado,NEXTERA ENER,Não Classificados / Não Classificado / Não Classificados,Não Informado,ATIVO,6
377,00.000.000/0000-00,Não Informado,BDRs DRN Não Patrocinado,NIKE,Consumo Cíclico / Tecidos. Vestuário e Calçados / Calçados,www.nike.com,ATIVO,7
378,07.237.373/0001-20,Banco Múltiplo Com Carteira Comercial,BR,NORD BRASIL,Financeiro / Intermediários Financeiros / Bancos,www.bnb.gov.br,ATIVO,3
379,60.884.319/0001-59,A Sociedade Tem Como Atividade Operacional Preponderante A Produção de Bens de Capital Destinados Ao,BR,NORDON MET,Bens Industriais / Máquinas e Equipamentos / Máq. e Equip. Industriais,www.nordon.ind.br,ATIVO,1
380,29.950.060/0001-57,Química Fina. Ciências Da Vida. Fabricantes de Insumos Farmacêuticos Ativos - Matéria-prima Para A I,BR,NORTCQUIMICA,Saúde / Medicamentos e Outros Produtos / Medicamentos e Outros Produtos,www.nortecquimica.com.br,ATIVO,2
381,00.000.000/0000-00,Não Informado,BDRs DRN Não Patrocinado,NORTHROP GRU,Não Classificados / Não Classificado / Não Classificados,Não Informado,ATIVO,6
382,00.000.000/0000-00,Não Informado,BDRs DRN Não Patrocinado,NVIDIA CORP,Não Classificados / Não Classificado / Não Classificados,Não Informado,ATIVO,6
383,00.000.000/0000-00,Não Informado,BDRs DRN Não Patrocinado,OCCIDENT PTR,Não Classificados / Não Classificado / Não Classificados,Não Informado,ATIVO,6
384,97.191.902/0001-94,Indústria de Alimentos Com Sede Na Cidade de São Sebastião Do Caí (rs) E Filiais Nas Cidades de Eldo,BR,ODERICH,Consumo não Cíclico / Alimentos Processados / Alimentos Diversos,www.oderich.com.br,ATIVO,7
385,58.119.199/0001-51,Operadora de Planos Odontológicos,BR,ODONTOPREV,Saúde / Serv.Méd.Hospit..Análises e Diagnósticos / Serv.Méd.Hospit..Análises e Diagnósticos,www.odontoprev.com.br/ri,ATIVO,2
386,76.535.764/0001-43,Não Informado,BR,OI,Telecomunicações / Telecomunicações / Telecomunicações,www.oi.com.br/ri,ATIVO,15
387,09.149.503/0001-06,Participação. Direta Ou Por Meio de Joint Venture (parceria). Consórcio Ou Qualquer Outra Sociedade.,BR,OMEGA GER,Utilidade Pública / Energia Elétrica / Energia Elétrica,www.omegageracao.com.br,ATIVO,5
388,02.318.346/0001-68,Participação em Outras Sociedades.,BR,OPPORT ENERG,Outros / Outros / Outros,www.opportunityenergia.com.br/home/index.aspx,ATIVO,8
389,00.000.000/0000-00,Não Informado,BDRs DRN Não Patrocinado,ORACLE,Tecnologia da Informação / Programas e Serviços / Programas e Serviços,www.oracle.com,ATIVO,12
390,00.000.000/0000-00,Não Informado,BDRs DRN Não Patrocinado,OREILLY AUT,Não Classificados / Não Classificado / Não Classificados,Não Informado,ATIVO,6
391,09.112.685/0001-32,Equipamentos E Serviços Para A Indústria Offshore de Petróleo E Gás Natural.,BR,OSX BRASIL,Petróleo. Gás e Biocombustíveis / Petróleo. Gás e Biocombustíveis / Equipamentos e Serviços,www.osx.com.br,ATIVO,18
392,20.258.278/0001-70,Participação em Outras Sociedades Que Execerçam Atividades de Desenvolvimento. Fabricação E Comercia,BR,OUROFINO S/A,Saúde / Medicamentos e Outros Produtos / Medicamentos e Outros Produtos,http://ri.ourofino.com/,ATIVO,2
393,47.508.411/0001-56,Comércio Varejista,BR,P.ACUCAR-CBD,Consumo não Cíclico / Comércio e Distribuição / Alimentos,www.gpari.com.br,ATIVO,7
394,92.693.019/0001-89,Industrialização E Comercialização de Aços Planos.,BR,PANATLANTICA,Materiais Básicos / Siderurgia e Metalurgia / Artefatos de Ferro e Aço,www.panatlantica.com.br,ATIVO,1
537,00.000.000/0000-00,Não Informado,BDRs DRN Não Patrocinado,WALGREENS,Não Classificados / Não Classificado / Não Classificados,Não Informado,ATIVO,6
395,01.938.783/0001-11,Participações em Outras Sociedades. Na Qualidade de Sócia E/ou Quotista E Administração de Bens Próp,BR,PAR AL BAHIA,Financeiro / Holdings Diversificadas / Holdings Diversificadas,http://www.aliancaparticipacoes.com.br,ATIVO,8
396,60.398.369/0004-79,Metalurgia Do Cobre E Suas Ligas,BR,PARANAPANEMA,Materiais Básicos / Siderurgia e Metalurgia / Artefatos de Cobre,www.paranapanema.com.br,ATIVO,3
397,08.884.213/0001-35,Banco Comercial,BR,PATAGONIA,Financeiro / Intermediários Financeiros / Bancos,www.bancopatagonia.com.ar,ATIVO,3
398,08.884.213/0001-35,Banco Comercial,BDRs DRN Não Patrocinado,PATAGONIA,Financeiro / Intermediários Financeiros / Bancos,www.bancopatagonia.com.ar,ATIVO,3
399,00.000.000/0000-00,Não Informado,BDRs DRN Não Patrocinado,PAYPAL HOLD,Não Classificados / Não Classificado / Não Classificados,Não Informado,ATIVO,4
400,02.950.811/0001-89,Não Informado,BR,PDG REALT,Consumo Cíclico / Construção Civil / Incorporações,www.pdg.com.br,ATIVO,9
401,00.000.000/0000-00,Não Informado,BDRs DRN Não Patrocinado,PEPSICO INC,Consumo não Cíclico / Bebidas / Cervejas e Refrigerantes,www.pepsico.com,ATIVO,7
402,33.412.081/0001-96,Fabricação de Produtos de Refino de Petróleo.,BR,PET MANGUINH,Petróleo. Gás e Biocombustíveis / Petróleo. Gás e Biocombustíveis / Exploração. Refino e Distribuiçã,www.refinariademanguinhos.com,ATIVO,18
403,33.000.167/0001-01,Petróleo. Gás E Energia,BR,PETROBRAS,Petróleo. Gás e Biocombustíveis / Petróleo. Gás e Biocombustíveis / Exploração. Refino e Distribuiçã,www.petrobras.com.br,ATIVO,18
404,34.274.233/0001-02,Distribuição E Venda de álcool Carburante. Biodísel. Gasolina E Demais Derivados de Petróleo. Inclui,BR,PETROBRAS BR,Petróleo. Gás e Biocombustíveis / Petróleo. Gás e Biocombustíveis / Exploração. Refino e Distribuiçã,www.br.com.br,ATIVO,18
405,10.629.105/0001-68,Constitui Objeto Da Companhia A Participação em Outras Sociedades Como Sócia. Acionista Ou Quotista.,BR,PETRORIO,Petróleo. Gás e Biocombustíveis / Petróleo. Gás e Biocombustíveis / Exploração. Refino e Distribuiçã,www.petroriosa.com.br,ATIVO,18
406,88.613.658/0001-10,Não Informado,BR,PETTENATI,Consumo Cíclico / Tecidos. Vestuário e Calçados / Fios e Tecidos,www.pettenati.com.br,ATIVO,7
407,00.000.000/0000-00,Não Informado,BDRs DRN Não Patrocinado,PFIZER,Saúde / Medicamentos e Outros Produtos / Medicamentos e Outros Produtos,www.pfizer.com,ATIVO,2
408,00.000.000/0000-00,Não Informado,BDRs DRN Não Patrocinado,PG,Consumo não Cíclico / Produtos de Uso Pessoal e de Limpeza / Produtos de Uso Pessoal,www.pg.com,ATIVO,7
409,00.000.000/0000-00,Não Informado,BDRs DRN Não Patrocinado,PHILIP MORRI,Não Classificados / Não Classificado / Não Classificados,Não Informado,ATIVO,6
410,62.144.175/0001-20,Banco Regional Brasileiro. de Capital Aberto. Que Há Mais de Vinte Anos Destaca-se em Financiar E Ss,BR,PINE,Financeiro / Intermediários Financeiros / Bancos,www.pine.com,ATIVO,3
411,51.928.174/0001-50,Participação em Outras Empresas,BR,PLASCAR PART,Consumo Cíclico / Automóveis e Motocicletas / Automóveis e Motocicletas,www.plascar.com.br,ATIVO,1
412,00.000.000/0000-00,Não Informado,BDRs DRN Não Patrocinado,PNCFNANCIAL,Não Classificados / Não Classificado / Não Classificados,Não Informado,ATIVO,6
413,59.789.545/0001-71,Participação em Outras Empresas,BR,POLPAR,Outros / Outros / Outros,www.polpar.com.br,ATIVO,8
414,86.550.951/0001-50,Pomicultura Produção. Comercialização E Exportação,BR,POMIFRUTAS,Consumo não Cíclico / Agropecuária / Agricultura,www.pomifrutas.com.br,ATIVO,7
415,02.149.205/0001-69,Gestão de Participações Societárias (holding),BR,PORTO SEGURO,Financeiro / Previdência e Seguros / Seguradoras,www.portoseguro.com.br,ATIVO,16
416,83.475.913/0001-91,Não Informado,BR,PORTOBELLO,Bens Industriais / Construção e Engenharia / Produtos para Construção,www.portobello.com.br,ATIVO,1
417,81.243.735/0001-48,Fabricação de Hardware.,BR,POSITIVO TEC,Tecnologia da Informação / Computadores e Equipamentos / Computadores e Equipamentos,www.positivoinformatica.com.br/ri,ATIVO,4
418,15.073.274/0001-88,Holding de Companhias Que Atuam Como Veículos de Investimento.,BR,PPLA,Financeiro / Serviços Financeiros Diversos / Gestão de Recursos e Investimentos,www.btgpactual.com,ATIVO,8
419,15.073.274/0001-88,Holding de Companhias Que Atuam Como Veículos de Investimento.,BDRs DR3,PPLA,Financeiro / Serviços Financeiros Diversos / Gestão de Recursos e Investimentos,www.btgpactual.com,ATIVO,8
420,08.574.411/0001-00,A Companhia Tem Por Objeto Social: (i) A Fabricação de Fornos E Equipamentos Voltados Para Os Mercad,BR,PRATICA,Bens Industriais / Máquinas e Equipamentos / Máq. e Equip. Industriais,http://ri.praticafornos.com.br,ATIVO,1
421,18.593.815/0001-97,Prestação de Serviços Industriais. Principalmente Nos Segmentos Petroquímico. óleo E Gás. Siderurgia,BR,PRINER,Bens Industriais / Serviços / Serviços Diversos,www.priner.com.br,ATIVO,1
422,45.453.214/0001-51,Profarma Atua Na Distribuição de Produtos Farmacêuticos. Higiene Pessoal E Cosméticos. Nos Mais Popu,BR,PROFARMA,Saúde / Comércio e Distribuição / Medicamentos e Outros Produtos,www.profarma.com.br,ATIVO,2
423,02.291.077/0001-93,Geração de Energia Elétrica,BR,PROMAN,Utilidade Pública / Energia Elétrica / Energia Elétrica,www.promanmt.com.br,ATIVO,5
424,02.992.449/0001-09,Participação em Outras Sociedades.,BR,PROMPT PART,Outros / Outros / Outros,www.promptparticipacoes.com.br/home/index.aspx,ATIVO,17
425,00.000.000/0000-00,Não Informado,BDRs DRN Não Patrocinado,QUALCOMM,Tecnologia da Informação / Computadores e Equipamentos / Computadores e Equipamentos,www.qualcomm.com,ATIVO,12
426,11.992.680/0001-93,Prestação de Serviços E Gestão de Benefícios de Assistência à Saúde.,BR,QUALICORP,Saúde / Serv.Méd.Hospit..Análises e Diagnósticos / Serv.Méd.Hospit..Análises e Diagnósticos,www.qualicorp.com.br,ATIVO,16
427,35.791.391/0001-94,Serviços Nos Setores de Informática. Auditoria de Sistemas Softwares; Treinamento.desenvolvimento de,BR,QUALITY SOFT,Tecnologia da Informação / Programas e Serviços / Programas e Serviços,www.quality.com.br,ATIVO,12
428,61.585.865/0001-51,Comércio de Produtos Farmacêuticos. Perfumarias E Afins,BR,RAIADROGASIL,Saúde / Comércio e Distribuição / Medicamentos e Outros Produtos,www.rd.com.br,ATIVO,2
429,89.086.144/0001-16,Indústria E Comércio de Veíc. Automotores E Rebocados Para A Movimentação E O de Transporte de Mater,BR,RANDON PART,Bens Industriais / Material de Transporte / Material Rodoviário,www.randon.com.br/ri,ATIVO,1
430,91.333.666/0001-17,Produção E Comercialização de Equipamentos Para Refrigeração Industrial E Unidades de Transportes.,BR,RECRUSUL,Bens Industriais / Material de Transporte / Material Rodoviário,www.recrusul.com.br,ATIVO,1
431,61.584.140/0001-49,Participação em Outras Empresas (a Rede Energia Participações É Uma Holding),BR,REDE ENERGIA,Utilidade Pública / Energia Elétrica / Energia Elétrica,www.energisa.com.br,ATIVO,5
432,00.000.000/0000-00,Não Informado,BDRs DRN Não Patrocinado,REGENERON PH,Não Classificados / Não Classificado / Não Classificados,Não Informado,ATIVO,6
433,08.534.605/0001-74,Geração de Energia Por Meio de Fontes Renováveis.,BR,RENOVA,Utilidade Pública / Energia Elétrica / Energia Elétrica,www.renovaenergia.com.br,ATIVO,5
434,85.778.074/0001-06,Industria Mecâno Metalúrgica,BR,RIOSULENSE,Bens Industriais / Material de Transporte / Material Rodoviário,www.riosulense.com.br,ATIVO,1
435,67.010.660/0001-24,(i) A Compra E Venda de Imóveis; (ii) O Desmembramento Ou Loteamento de Terrenos; (iii) A Incorporaç,BR,RNI,Consumo Cíclico / Construção Civil / Incorporações,http://rni.com.br/,ATIVO,9
436,00.000.000/0000-00,Não Informado,BDRs DRN Não Patrocinado,ROSS STORES,Consumo Cíclico / Comércio / Tecidos. Vestuário e Calçados,http://www.rossstores.com,ATIVO,7
437,61.065.751/0001-80,Compra E Venda de Imóveis. Desmembramento E Loteamento de Terrenos. Incorporação Imobiliária. Constr,BR,ROSSI RESID,Consumo Cíclico / Construção Civil / Incorporações,www.rossiresidencial.com.br,ATIVO,9
438,02.387.241/0001-60,Prestar Serviços de Transporte de Cargas Através Dos Modais Ferroviário E Rodoviário. Dentre Outros.,BR,RUMO S.A.,Bens Industriais / Transporte / Transporte Ferroviário,www.rumolog.com,ATIVO,11
439,43.776.517/0001-80,Abastecimento de água. Esgotamento Sanitário. Drenagem E Manejo de águas Pluviais Urbanas. Limpeza U,BR,SABESP,Utilidade Pública / água e Saneamento / água e Saneamento,www.sabesp.com.br,ATIVO,5
440,00.000.000/0000-00,Não Informado,BDRs DRN Não Patrocinado,SALESFORCE,Tecnologia da Informação / Programas e Serviços / Programas e Serviços,http://www.salesforce.com,ATIVO,12
441,00.000.000/0000-00,Não Informado,BDRs DRN Não Patrocinado,SANCHEZ ENER,Petróleo. Gás e Biocombustíveis / Petróleo. Gás e Biocombustíveis / Exploração. Refino e Distribuiçã,http://www.sanchezenergycorp.com,ATIVO,18
442,76.484.013/0001-45,Exploração de Serviços Públicos E de Sistemas Privados de Abastecimento de água. de Coleta. Remoção ,BR,SANEPAR,Utilidade Pública / água e Saneamento / água e Saneamento,www.sanepar.com.br,ATIVO,5
443,14.807.945/0001-24,Indústria E Comércio de Artefatos Plásticos,BR,SANSUY,Materiais Básicos / Materiais Diversos / Materiais Diversos,www.sansuy.com.br,ATIVO,17
444,90.400.888/0001-42,Banco Múltiplo Com Carteira Comercial,BR,SANTANDER BR,Financeiro / Intermediários Financeiros / Bancos,www.santander.com.br,ATIVO,3
445,21.255.567/0001-89,Indústria Têxtil,BR,SANTANENSE,Consumo Cíclico / Tecidos. Vestuário e Calçados / Fios e Tecidos,www.santanense.com.br,ATIVO,7
446,02.762.121/0001-04,A Companhia Tem Por Objeto A Exploração Comercial de Instalação Portuária Através de Operações Com C,BR,SANTOS BRP,Bens Industriais / Transporte / Serviços de Apoio e Armazenagem,www.santosbrasil.com.br,ATIVO,11
447,29.780.061/0001-09,Compra E Venda de Imóveis Prontos Ou A Construir; Locação de Bens Imóveis; Administração de Empreend,BR,SAO CARLOS,Financeiro / Exploração de Imóveis / Exploração de Imóveis,www.scsa.com.br,ATIVO,9
448,51.466.860/0001-56,Fabricação E Comércio de Açúcar. álcool E Derivados.,BR,SAO MARTINHO,Consumo não Cíclico / Alimentos Processados / Açucar e Alcool,www.saomartinho.com.br,ATIVO,7
449,60.500.139/0001-26,Edição. Indústria E Comércio de Livros E Publicações em Geral.,BR,SARAIVA LIVR,Consumo Cíclico / Comércio / Produtos Diversos,http://www.saraivari.com.br,ATIVO,7
450,00.000.000/0000-00,Não Informado,BDRs DRN Não Patrocinado,SCHLUMBERGER,Petróleo. Gás e Biocombustíveis / Petróleo. Gás e Biocombustíveis / Equipamentos e Serviços,www.slb.com,ATIVO,18
451,84.693.183/0001-68,Indústria Metalúrgica,BR,SCHULZ,Bens Industriais / Máquinas e Equipamentos / Motores . Compressores e Outros,www.schulz.com.br,ATIVO,1
452,00.000.000/0000-00,Não Informado,BDRs DRN Não Patrocinado,SCHWAB,Financeiro / Serviços Financeiros Diversos / Serviços Financeiros Diversos,http://www.schwab.com,ATIVO,3
453,15.144.017/0001-90,Companhia de Seguros,BR,SEG AL BAHIA,Financeiro / Previdência e Seguros / Seguradoras,www.alba.com.br,ATIVO,3
454,02.604.860/0001-60,Participação em Outras Sociedades.,BR,SELECTPART,Outros / Outros / Outros,http://selectpartparticipacoes.mzweb.com.br,ATIVO,8
455,04.986.320/0001-13,Desenvolvimento E A Administração de Atividades E Instituições No Setor de Educação E Outras áreas A,BR,SER EDUCA,Consumo Cíclico / Diversos / Serviços Educacionais,www.sereducacional.com/ri,ATIVO,7
456,33.042.730/0001-04,A Companhia Siderúrgica Nacional Atua Nos Setores de Mineração. Siderurgia. Logística. Cimento E Ene,BR,SID NACIONAL,Materiais Básicos / Siderurgia e Metalurgia / Siderurgia,www.csn.com.br,ATIVO,10
457,05.878.397/0001-32,Planejamento. Desenvolvimento. Implantação E Investimentos Na área Imobiliária. Nomeadamente em Shop,BR,SIERRABRASIL,Financeiro / Exploração de Imóveis / Exploração de Imóveis,www.sonaesierra.com.br,ATIVO,6
458,00.000.000/0000-00,Não Informado,BDRs DRN Não Patrocinado,SIGNATURE BK,Não Classificados / Não Classificado / Não Classificados,Não Informado,ATIVO,6
459,00.000.000/0000-00,Não Informado,BDRs DRN Não Patrocinado,SIMON PROP,Não Classificados / Não Classificado / Não Classificados,Não Informado,ATIVO,6
460,04.065.791/0001-99,Produção. Desenvolvimento. Licenciamento. Sublicenciamento E Distribuição de Programas de Computador,BR,SINQIA,Tecnologia da Informação / Programas e Serviços / Programas e Serviços,www.sinqia.com.br,ATIVO,12
461,00.000.000/0000-00,Não Informado,BDRs DRN Não Patrocinado,SIRIUS XM HD,Não Classificados / Não Classificado / Não Classificados,Não Informado,ATIVO,6
462,89.096.457/0001-55,Produção E Comercialização de Algodão. Soja. Milho. Café. Entre Outros.,BR,SLC AGRICOLA,Consumo não Cíclico / Agropecuária / Agricultura,www.slcagricola.com.br,ATIVO,7
463,07.594.978/0001-78,A Companhia Tem Como Atividade Preponderante A Prestação de Serviços de Condicionamento Físico. Por ,BR,SMART FIT,Consumo Cíclico / Viagens e Lazer / Atividades Esportivas,www.smartfit.com.br,ATIVO,7
464,05.730.375/0001-20,Programa de Fidelização Que Reúne. em Único Ambiente Ou Plataforma. Diversos Parceiros E/ou Outros P,BR,SMILES,Consumo Cíclico / Diversos / Programas de Fidelização,http://ri.smiles.com.br/,ATIVO,4
465,33.386.210/0001-19,Consultoria Técnica E Económica Na área de Engenharia E Arquitetura,BR,SONDOTECNICA,Bens Industriais / Construção e Engenharia / Engenharia Consultiva,www.sondotecnica.com.br,ATIVO,1
466,00.000.000/0000-00,Não Informado,BDRs DRN Não Patrocinado,SP GLOBAL,Não Classificados / Não Classificado / Não Classificados,Não Informado,ATIVO,6
467,92.929.520/0001-00,Indústria E Comércio. Importação E Exportação de Eletrodomésticos,BR,SPRINGER,Financeiro / Holdings Diversificadas / Holdings Diversificadas,www.springergroup.com.br,ATIVO,1
468,07.718.269/0001-57,Não Informado,BR,SPRINGS,Consumo Cíclico / Tecidos. Vestuário e Calçados / Fios e Tecidos,www.springs.com,ATIVO,7
469,00.000.000/0000-00,Não Informado,BDRs DRN Não Patrocinado,SPRINT,Telecomunicações / Telecomunicações / Telecomunicações,http://www.sprint.com,ATIVO,15
470,62.002.886/0001-60,Cessão de áreas Para Eventos,BR,SPTURIS,Consumo Cíclico / Viagens e Lazer / Produção de Eventos e Shows,www.spturis.com,ATIVO,7
471,91.495.499/0001-00,Indústria. Comércio. Importação E Exportação de Máquinas E Implementos Agrícolas.,BR,STARA,Bens Industriais / Máquinas e Equipamentos / Máq. e Equip. Construção e Agrícolas,www.stara.com.br,ATIVO,1
472,00.000.000/0000-00,Não Informado,BDRs DRN Não Patrocinado,STARBUCKS,Consumo Cíclico / Hoteis e Restaurantes / Restaurante e Similares,www.starbucks.com,ATIVO,7
473,00.622.416/0001-41,A Companhia Atua No Ramo de Geração de Energia Elétrica Por Meio de Fontes Renováveis E. Ainda. Tran,BR,STATKRAFT,Utilidade Pública / Energia Elétrica / Energia Elétrica,www.statkraft.com.br,ATIVO,5
474,00.000.000/0000-00,Não Informado,BDRs DRN Não Patrocinado,STERLING BNC,Não Classificados / Não Classificado / Não Classificados,Não Informado,ATIVO,6
475,02.062.747/0001-08,Participação em Outras Sociedades.,BR,SUDESTE S/A,Outros / Outros / Outros,http://www.sudestenet.com.br/home/index.aspx,ATIVO,8
476,01.957.772/0001-89,Participação em Outras Sociedades. Comerciais Ou Civis. Nacionais Ou Estrangeiras. Como Sócia. Acion,BR,SUL 116 PART,Outros / Outros / Outros,http://sul116participacoes.mzweb.com.br,ATIVO,8
477,29.978.814/0001-87,A Sul América S.A. É Uma Sociedade de Participação E Suas Controladas Atuam Nos Setores de Seguros. ,BR,SUL AMERICA,Financeiro / Previdência e Seguros / Seguradoras,www.sulamerica.com.br,ATIVO,3
478,60.651.809/0001-05,Sociedade Holding - Participação Como Acionista Ou Quotista No Capital Social de Outras Sociedades,BR,SUZANO HOLD,Materiais Básicos / Madeira e Papel / Papel e Celulose,www.suzano.com.br,ATIVO,8
479,16.404.287/0001-55,Indústria E Comércio de Papel E Celulose,BR,SUZANO S.A.,Materiais Básicos / Madeira e Papel / Papel e Celulose,www.suzano.com.br/ri,ATIVO,19
480,07.859.971/0001-30,Transmissão de Energia Elétrica.,BR,TAESA,Utilidade Pública / Energia Elétrica / Energia Elétrica,www.taesa.com.br,ATIVO,5
481,00.000.000/0000-00,Não Informado,BDRs DRN Não Patrocinado,TAPESTRY INC,Não Classificados / Não Classificado / Não Classificados,Não Informado,ATIVO,6
483,05.341.549/0001-63,Empresa de Participações.,BR,TARPON INV,Financeiro / Serviços Financeiros Diversos / Gestão de Recursos e Investimentos,www.tarponinvest.com.br,ATIVO,3
484,09.295.063/0001-97,A Companhia Tem Por Objeto Social A Participação em Outras Sociedades. Como Sócia Ou Acionista. No P,BR,TECHNOS,Consumo Cíclico / Tecidos. Vestuário e Calçados / Acessórios,www.grupotechnos.com.br,ATIVO,7
485,08.065.557/0001-12,Incorporação. Compra E Venda de Imóveis Prontos E A Construir A Locação E Administração de Bens Imóv,BR,TECNISA,Consumo Cíclico / Construção Civil / Incorporações,www.tecnisa.com.br/ri,ATIVO,9
486,33.111.246/0001-90,Não Informado,BR,TECNOSOLO,Bens Industriais / Construção e Engenharia / Engenharia Consultiva,www.tecnosolo.com.br,ATIVO,1
487,22.770.366/0001-82,Industr/com.brinquedos. Jogos Eletron. E Entretenimento,BR,TECTOY,Consumo Cíclico / Viagens e Lazer / Brinquedos e Jogos,www.tectoy.com.br,ATIVO,1
488,02.351.144/0001-18,Prestação de Serviços de Logística Para A Indústria Automotiva. Gerenciamento de Estoques E Pátios. ,BR,TEGMA,Bens Industriais / Transporte / Transporte Rodoviário,www.tegma.com.br,ATIVO,11
489,82.636.986/0001-55,Fabricação de Artigos de Cama. Mesa E Banho,BR,TEKA,Consumo Cíclico / Tecidos. Vestuário e Calçados / Fios e Tecidos,www.teka.com.br,ATIVO,7
490,33.467.572/0001-34,Pintura de Bobinas E Chapas Metálicas,BR,TEKNO,Materiais Básicos / Siderurgia e Metalurgia / Artefatos de Ferro e Aço,www.tekno.com.br,ATIVO,1
491,00.336.701/0001-04,Consecução Dos Objetivos Previstos No Programa Nacional de Banda Larga - (dec. 7.175 de 12/05/2010),BR,TELEBRAS,Telecomunicações / Telecomunicações / Telecomunicações,www.telebras.com.br,ATIVO,15
492,02.558.157/0001-62,Prestação de Serviços Públicos de Telecomunicações,BR,TELEF BRASIL,Telecomunicações / Telecomunicações / Telecomunicações,www.telefonica.com.br,ATIVO,15
493,71.476.527/0001-35,Não Informado,BR,TENDA,Consumo Cíclico / Construção Civil / Incorporações,www.tenda.com,ATIVO,9
494,05.799.312/0001-20,- Produção E Comércio de Produtos Vegetais (soja. Milho E Algodão) - Industrialização E Comércio de ,BR,TERRA SANTA,Consumo não Cíclico / Agropecuária / Agricultura,www.terrasantaagro.com,ATIVO,7
495,00.000.000/0000-00,Não Informado,BDRs DRN Não Patrocinado,TESLA INC,Consumo Cíclico / Automóveis e Motocicletas / Automóveis e Motocicletas,http://www.teslamotors.com,ATIVO,1
496,00.000.000/0000-00,Não Informado,BDRs DRN Não Patrocinado,TEXAS INC,Tecnologia da Informação / Computadores e Equipamentos / Computadores e Equipamentos,www.ti.com,ATIVO,12
497,00.000.000/0000-00,Não Informado,BDRs DRN Não Patrocinado,THERMFISCHER,Consumo não Cíclico / Saúde / Serv.Méd.Hospit..Análises e Diagnósticos,http://www.thermofisher.com,ATIVO,2
498,00.000.000/0000-00,Não Informado,BDRs DRN Não Patrocinado,TIFFANY,Consumo Cíclico / Comércio / Produtos Diversos,investor.tiffany.com,ATIVO,7
499,02.558.115/0001-21,Não Informado,BR,TIM PART S/A,Telecomunicações / Telecomunicações / Telecomunicações,www.tim.com.br/ri,ATIVO,15
538,00.000.000/0000-00,Não Informado,BDRs DRN Não Patrocinado,WALT DISNEY,Consumo Cíclico / Mídia / Produção e Difusão de Filmes e Programas,www.disney.co.uk,ATIVO,7
500,02.860.694/0001-62,Atuação No Setor de Entretenimento Ao Vivo. Através Da Operação de Casas de Espetáculos E de Bilhete,BR,TIME FOR FUN,Consumo Cíclico / Viagens e Lazer / Produção de Eventos e Shows,www.t4f.com.br/ri,ATIVO,7
501,00.000.000/0000-00,Não Informado,BDRs DRN Não Patrocinado,TJX COMPANIE,Não Classificados / Não Classificado / Não Classificados,Não Informado,ATIVO,6
502,53.113.791/0001-22,Prestação de Serviços de Consultoria. Assessoria E Desenvolvimento de Sistemas Informatizados (softw,BR,TOTVS,Tecnologia da Informação / Programas e Serviços / Programas e Serviços,www.totvs.com.br,ATIVO,4
503,02.998.611/0001-04,Transmissão de Energia Elétrica,BR,TRAN PAULIST,Utilidade Pública / Energia Elétrica / Energia Elétrica,http://www.isacteep.com.br,ATIVO,5
504,00.000.000/0000-00,Não Informado,BDRs DRN Não Patrocinado,TRANSOCEAN,Petróleo. Gás e Biocombustíveis / Petróleo. Gás e Biocombustíveis / Exploração. Refino e Distribuiçã,http://www.deepwater.com,ATIVO,18
505,00.000.000/0000-00,Não Informado,BDRs DRN Não Patrocinado,TRAVELERS,Financeiro / Previdência e Seguros / Seguradoras,http://travelers.com,ATIVO,3
506,92.660.570/0001-26,Part. Capital Outras Empresas Qualquer Setor Económico. locação de Conjuntos Comerciais.,BR,TREVISA,Bens Industriais / Transporte / Transporte Hidroviário,www.trevisa.com.br,ATIVO,11
507,08.811.643/0001-27,Incorporadora E Construtora,BR,TRISUL,Consumo Cíclico / Construção Civil / Incorporações,www.trisul-sa.com.br/ri,ATIVO,9
508,84.683.374/0001-49,Produtos Fundidos Para Os Setores de Transporte de Carga. Infraestrutura E Agricultura / Conexões em,BR,TUPY,Bens Industriais / Material de Transporte / Material Rodoviário,www.tupy.com.br,ATIVO,1
509,00.000.000/0000-00,Não Informado,BDRs DRN Não Patrocinado,TWITTER,Tecnologia da Informação / Programas e Serviços / Programas e Serviços,Não Informado,ATIVO,12
510,00.000.000/0000-00,Não Informado,BDRs DRN Não Patrocinado,TYSON FOODS,Não Classificados / Não Classificado / Não Classificados,Não Informado,ATIVO,6
511,00.000.000/0000-00,Não Informado,BDRs DRN Não Patrocinado,UBS GROUP,Financeiro / Intermediários Financeiros / Bancos,http://www.ubs.com,ATIVO,3
512,33.256.439/0001-39,Distribuição de Combustíveis. Químicos. Armazenagem Para Granéis Líquidos E Varejo Farmacêutico,BR,ULTRAPAR,Petróleo. Gás e Biocombustíveis / Petróleo. Gás e Biocombustíveis / Exploração. Refino e Distribuiçã,www.ultra.com.br,ATIVO,17
513,90.441.460/0001-48,Indústria. Comércio. Prestação de Serviços. Importação E Exportação de Produtos Relacionados Ao Ramo,BR,UNICASA,Consumo Cíclico / Utilidades Domésticas / Móveis,http://www.unicasamoveis.com.br,ATIVO,9
514,00.000.000/0000-00,Não Informado,BDRs DRN Não Patrocinado,UNIONPACIFIC,Bens Industriais / Transporte / Transporte Ferroviário,http://www.up.com,ATIVO,1
515,33.958.695/0001-78,Atuar No Setor de Soda. Cloro E Derivados. Podendo Participar Como Sócia Ou Acionista de Outras Soci,BR,UNIPAR,Materiais Básicos / Químicos / Químicos Diversos,www.uniparcarbocloro.com.br,ATIVO,17
516,00.000.000/0000-00,Não Informado,BDRs DRN Não Patrocinado,UNITED TECH,Bens Industriais / Material de Transporte / Material Aeronáutico e de Defesa,www.utc.com/investors/pages/default.aspx,ATIVO,1
517,00.000.000/0000-00,Não Informado,BDRs DRN Não Patrocinado,UNITEDHEALTH,Não Classificados / Não Classificado / Não Classificado,Não Informado,ATIVO,2
518,00.000.000/0000-00,Não Informado,BDRs DRN Não Patrocinado,UPS,Bens Industriais / Transporte / Transporte Rodoviário,www.ups.com,ATIVO,11
519,02.162.616/0001-94,Não Informado,BR,UPTICK,Utilidade Pública / Energia Elétrica / Energia Elétrica,www.uptickbrasil.com.br,ATIVO,8
520,00.000.000/0000-00,Não Informado,BDRs DRN Não Patrocinado,US BANCORP,Financeiro / Intermediários Financeiros / Bancos,phx.corporate-ir.net/phoenix.zhtml?c=117565&p=irol-irhome,ATIVO,3
521,00.000.000/0000-00,Não Informado,BDRs DRN Não Patrocinado,US STEEL,Materiais Básicos / Siderurgia e Metalurgia / Artefatos de Ferro e Aço,http://www.ussteel.com,ATIVO,10
522,60.894.730/0001-05,Venda de Produtos Siderúrgicos. Como Chapas Grossas. Laminados A Quente. A Frio. Placas. Galvanizado,BR,USIMINAS,Materiais Básicos / Siderurgia e Metalurgia / Siderurgia,www.usiminas.com,ATIVO,10
523,33.592.510/0001-54,Mineração,BR,VALE,Materiais Básicos / Mineração / Minerais Metálicos,www.vale.com,ATIVO,14
524,00.000.000/0000-00,Não Informado,BDRs DRN Não Patrocinado,VALERO ENER,Petróleo. Gás e Biocombustíveis / Petróleo. Gás e Biocombustíveis / Exploração. Refino e Distribuiçã,http://www.valero.com,ATIVO,18
525,33.113.309/0001-47,Impressão de Documentos de Segurança.,BR,VALID,Bens Industriais / Serviços / Serviços Diversos,www.valid.com.br,ATIVO,1
526,00.000.000/0000-00,Não Informado,BDRs DRN Não Patrocinado,VALLEY NTION,Não Classificados / Não Classificado / Não Classificados,Não Informado,ATIVO,6
527,00.000.000/0000-00,Não Informado,BDRs DRN Não Patrocinado,VERISIGN INC,Não Classificados / Não Classificado / Não Classificados,Não Informado,ATIVO,6
528,00.000.000/0000-00,Não Informado,BDRs DRN Não Patrocinado,VERIZON,Telecomunicações / Telecomunicações / Telecomunicações,www.verizon.com,ATIVO,15
529,00.000.000/0000-00,Não Informado,BDRs DRN Não Patrocinado,VERTEX PHARM,Não Classificados / Não Classificado / Não Classificados,Não Informado,ATIVO,2
530,00.000.000/0000-00,Não Informado,BDRs DRN Não Patrocinado,VF CORP,Não Classificados / Não Classificado / Não Classificados,Não Informado,ATIVO,6
531,00.000.000/0000-00,Não Informado,BDRs DRN Não Patrocinado,VIACOM INC,Não Classificados / Não Classificado / Não Classificados,Não Informado,ATIVO,6
532,33.041.260/0652-90,Não Informado,BR,VIAVAREJO,Consumo Cíclico / Comércio / Eletrodomésticos,www.viavarejo.com.br/ri,ATIVO,7
533,00.000.000/0000-00,Não Informado,BDRs DRN Não Patrocinado,VISA INC,Financeiro / Serviços Financeiros Diversos / Serviços Financeiros Diversos,www.corporate.visa.com,ATIVO,3
534,67.571.414/0001-41,Incorporadora E Construtora Presente em Todas As Regiões Do País E Com Foco de Atuação No Mercado Re,BR,VIVER,Consumo Cíclico / Construção Civil / Incorporações,http://www.viver.com.vc,ATIVO,9
535,50.926.955/0001-42,Representantes Comerciais E Agentes Do Comércio de Têxteis. Vestuário. Calçados E Artigos de Viagem.,BR,VULCABRAS,Consumo Cíclico / Tecidos. Vestuário e Calçados / Calçados,www.vulcabrasazaleiari.com.br,ATIVO,7
539,00.000.000/0000-00,Não Informado,BDRs DRN Não Patrocinado,WATERS CORP,Não Classificados / Não Classificado / Não Classificados,Não Informado,ATIVO,8
540,84.429.695/0001-11,A Weg Sa É Uma Sociedade de Participação Não Operacional (holding) E também Sociedade de Comando Do ,BR,WEG,Bens Industriais / Máquinas e Equipamentos / Motores . Compressores e Outros,www.weg.net/br,ATIVO,1
541,00.000.000/0000-00,Não Informado,BDRs DRN Não Patrocinado,WELLS FARGO,Financeiro / Intermediários Financeiros / Bancos,www.wellsfargo.com,ATIVO,3
542,00.000.000/0000-00,Não Informado,BDRs DRN Não Patrocinado,WESTERN BCOR,Não Classificados / Não Classificado / Não Classificados,Não Informado,ATIVO,8
543,00.000.000/0000-00,Não Informado,BDRs DRN Não Patrocinado,WESTERNUNION,Financeiro / Serviços Financeiros Diversos / Serviços Financeiros Diversos,http://www.westerunion.com,ATIVO,3
544,84.683.671/0001-94,Fabricação de Peças E Acessórios Para Sistema Motor de Veículos Automotores,BR,WETZEL S/A,Bens Industriais / Material de Transporte / Material Rodoviário,www.wetzel.com.br,ATIVO,1
545,59.105.999/0001-86,Fabricação E Comercialização de Eletrodomésticos E Compressores,BR,WHIRLPOOL,Consumo Cíclico / Utilidades Domésticas / Eletrodomésticos,www.whirlpool.com.br,ATIVO,1
546,05.721.735/0001-28,Terminais Portuários. Rebocagem. Offshore. Logística. Agenciamento Marítimo E Estaleiros.,BR,WILSON SONS,Bens Industriais / Transporte / Serviços de Apoio e Armazenagem,www.wilsonsons.com.br,ATIVO,1
547,05.721.735/0001-28,Terminais Portuários. Rebocagem. Offshore. Logística. Agenciamento Marítimo E Estaleiros.,BDRs DR3,WILSON SONS,Bens Industriais / Transporte / Serviços de Apoio e Armazenagem,www.wilsonsons.com.br,ATIVO,1
548,42.278.473/0001-03,Corretagem de Seguros de Todos Os Ramos. Assessoria E Consultoria Na área de Seguros em Geral. Inter,BR,WIZ S.A.,Financeiro / Previdência e Seguros / Corretoras de Seguros,www.wizsolucoes.com.br,ATIVO,16
549,33.228.024/0001-51,Comércio A Varejo E Por Atacado de Caminhões. Automóveis. Camionetas E Utilitários Novos E Usados. h,BR,WLM IND COM,Bens Industriais / Comércio / Material de Transporte,www.wlm.com.br,ATIVO,18
550,00.000.000/0000-00,Não Informado,BDRs DRN Não Patrocinado,XEROX CORP,Tecnologia da Informação / Computadores e Equipamentos / Computadores e Equipamentos,www.xerox.com,ATIVO,12
1,54678798798798798,TESTE,TESTE,3M,TESTE,TESTE,ATIVO,1
99999,00.000.000/0000-00,Não Informado,BDRs DRN Não Patrocinado,3M,Financeiro / Holdings Diversificadas / Holdings Diversificadas,www.goooooooooooooooogle.com,ATIVO,13
